2025-11-02 22:27:07,080 [INFO] Activator:176 - 


2025-11-02 22:27:07,082 [INFO] Activator:177 - !SESSION log4j initialized
2025-11-02 22:27:10,274 [INFO] LogOutputStream:77 - [STDOUT_REDIRECT] 
2025-11-02 22:27:11,722 [ERROR] LogOutputStream:75 - [STDERR_REDIRECT] 
2025-11-02 22:27:14,185 [INFO] ApplicationProperties:184 - Using Application install path: /Applications/STM32CubeIDE.app/Contents/Eclipse/plugins/com.st.stm32cube.common.mx_6.15.0.202507011659
2025-11-02 22:27:14,202 [INFO] DbMcusXml:78 - Set database path to: /Applications/STM32CubeIDE.app/Contents/Eclipse/plugins/com.st.stm32cube.common.mx_6.15.0.202507011659//db//mcu/
2025-11-02 22:27:14,202 [INFO] ApiDb:274 - Set plugin database path to: /Applications/STM32CubeIDE.app/Contents/Eclipse/plugins/com.st.stm32cube.common.mx_6.15.0.202507011659//db//plugins/boardmanager/
2025-11-02 22:27:14,203 [WARN] ApiDb:259 - Overriding images path with different value:  => /Applications/STM32CubeIDE.app/Contents/Eclipse/plugins/com.st.stm32cube.common.mx_6.15.0.202507011659//db//plugins/mcufinder/images/
2025-11-02 22:27:14,212 [INFO] ApiDb:250 - Set database path to: /Users/vladpetrenko/.stmcufinder/plugins/mcufinder//mcu/
2025-11-02 22:27:14,213 [INFO] DbMcusAds:125 - Set database path to: /Users/vladpetrenko/.stmcufinder/plugins/mcufinder//mcu/
2025-11-02 22:27:14,215 [INFO] CrossReferenceDbSqlite:203 - Set database path to: /Users/vladpetrenko/.stmcufinder/plugins/mcufinder//mcu/cs/
2025-11-02 22:27:14,386 [INFO] RulesReader:64 - Compatibility file has been processed (317 Rules)
2025-11-02 22:27:14,450 [INFO] DbMcusXml:78 - Set database path to: /Applications/STM32CubeIDE.app/Contents/Eclipse/plugins/com.st.stm32cube.common.mx_6.15.0.202507011659//db//mcu/
2025-11-02 22:27:14,450 [INFO] ApiDb:274 - Set plugin database path to: /Applications/STM32CubeIDE.app/Contents/Eclipse/plugins/com.st.stm32cube.common.mx_6.15.0.202507011659//db//plugins/boardmanager/
2025-11-02 22:27:14,450 [INFO] ApiDb:261 - Set plugin images path to: /Applications/STM32CubeIDE.app/Contents/Eclipse/plugins/com.st.stm32cube.common.mx_6.15.0.202507011659//db//plugins/mcufinder/images/
2025-11-02 22:27:14,450 [WARN] DbFile:41 - Overriding database path with different value: /Users/vladpetrenko/.stmcufinder/plugins/mcufinder/ => /Users/vladpetrenko/.stmcufinder/plugins/mcufinder
2025-11-02 22:27:14,451 [INFO] ApiDb:250 - Set database path to: /Users/vladpetrenko/.stmcufinder/plugins/mcufinder//mcu/
2025-11-02 22:27:14,451 [WARN] DbFile:41 - Overriding database path with different value: /Users/vladpetrenko/.stmcufinder/plugins/mcufinder/ => /Users/vladpetrenko/.stmcufinder/plugins/mcufinder
2025-11-02 22:27:14,451 [INFO] DbMcusAds:125 - Set database path to: /Users/vladpetrenko/.stmcufinder/plugins/mcufinder//mcu/
2025-11-02 22:27:14,451 [WARN] DbFile:41 - Overriding database path with different value: /Users/vladpetrenko/.stmcufinder/plugins/mcufinder/ => /Users/vladpetrenko/.stmcufinder/plugins/mcufinder
2025-11-02 22:27:14,451 [WARN] DbFile:41 - Overriding database path with different value: /Users/vladpetrenko/.stmcufinder/plugins/mcufinder/ => /Users/vladpetrenko/.stmcufinder/plugins/mcufinder
2025-11-02 22:27:14,451 [INFO] CrossReferenceDbSqlite:203 - Set database path to: /Users/vladpetrenko/.stmcufinder/plugins/mcufinder//mcu/cs/
2025-11-02 22:27:14,535 [INFO] MainPanel:274 - HeapMemory: 405798912
2025-11-02 22:27:15,577 [INFO] DbMcusXml:78 - Set database path to: /Applications/STM32CubeIDE.app/Contents/Eclipse/plugins/com.st.stm32cube.common.mx_6.15.0.202507011659//db//mcu/
2025-11-02 22:27:15,578 [INFO] ApiDb:274 - Set plugin database path to: /Applications/STM32CubeIDE.app/Contents/Eclipse/plugins/com.st.stm32cube.common.mx_6.15.0.202507011659//db//plugins/boardmanager/
2025-11-02 22:27:15,578 [INFO] ApiDb:261 - Set plugin images path to: /Applications/STM32CubeIDE.app/Contents/Eclipse/plugins/com.st.stm32cube.common.mx_6.15.0.202507011659//db//plugins/mcufinder/images/
2025-11-02 22:27:15,578 [WARN] DbFile:41 - Overriding database path with different value: /Users/vladpetrenko/.stmcufinder/plugins/mcufinder/ => /Users/vladpetrenko/.stmcufinder/plugins/mcufinder
2025-11-02 22:27:15,578 [INFO] ApiDb:250 - Set database path to: /Users/vladpetrenko/.stmcufinder/plugins/mcufinder//mcu/
2025-11-02 22:27:15,578 [WARN] DbFile:41 - Overriding database path with different value: /Users/vladpetrenko/.stmcufinder/plugins/mcufinder/ => /Users/vladpetrenko/.stmcufinder/plugins/mcufinder
2025-11-02 22:27:15,579 [INFO] DbMcusAds:125 - Set database path to: /Users/vladpetrenko/.stmcufinder/plugins/mcufinder//mcu/
2025-11-02 22:27:15,579 [WARN] DbFile:41 - Overriding database path with different value: /Users/vladpetrenko/.stmcufinder/plugins/mcufinder/ => /Users/vladpetrenko/.stmcufinder/plugins/mcufinder
2025-11-02 22:27:15,579 [WARN] DbFile:41 - Overriding database path with different value: /Users/vladpetrenko/.stmcufinder/plugins/mcufinder/ => /Users/vladpetrenko/.stmcufinder/plugins/mcufinder
2025-11-02 22:27:15,579 [INFO] CrossReferenceDbSqlite:203 - Set database path to: /Users/vladpetrenko/.stmcufinder/plugins/mcufinder//mcu/cs/
2025-11-02 22:27:15,599 [INFO] ApplicationProperties:184 - Using Application install path: /Applications/STM32CubeIDE.app/Contents/Eclipse/plugins/com.st.stm32cube.common.mx_6.15.0.202507011659
2025-11-02 22:27:15,601 [INFO] PluginManage:196 - Search for loadable plugins [exclusion list=, ]
2025-11-02 22:27:15,603 [INFO] PluginManage:310 - Check plugin analytics
2025-11-02 22:27:15,836 [INFO] AnalyticsPlugin:253 - Accepted Software Licenses: STM32CubeMX.6.15.0
2025-11-02 22:27:15,836 [INFO] AnalyticsPlugin:255 - Accepted CMSIS Pack Licenses: 
2025-11-02 22:27:15,837 [INFO] AnalyticsPlugin:257 - Accepted Firmware Licenses: FW.F4.1.28.0
2025-11-02 22:27:15,848 [INFO] PluginManage:359 - Loaded plugin analytics (category:tool,tabindex:-1)
2025-11-02 22:27:15,849 [INFO] PluginManage:310 - Check plugin cadmodel
2025-11-02 22:27:15,859 [INFO] CADModel:105 - Init CAD model plugin
2025-11-02 22:27:15,860 [INFO] PluginManage:359 - Loaded plugin cadmodel (category:power,tabindex:5)
2025-11-02 22:27:15,860 [INFO] PluginManage:310 - Check plugin clock
2025-11-02 22:27:15,870 [INFO] PluginManage:359 - Loaded plugin clock (category:base,tabindex:2)
2025-11-02 22:27:15,870 [INFO] PluginManage:310 - Check plugin ddr
2025-11-02 22:27:15,872 [INFO] PluginManage:359 - Loaded plugin ddr (category:tool,tabindex:6)
2025-11-02 22:27:15,873 [INFO] PluginManage:310 - Check plugin filemanager
2025-11-02 22:27:16,430 [INFO] PluginManage:359 - Loaded plugin filemanager (category:base,tabindex:10)
2025-11-02 22:27:16,437 [INFO] PluginManage:310 - Check plugin ipmanager
2025-11-02 22:27:16,494 [INFO] PluginManage:359 - Loaded plugin ipmanager (category:base,tabindex:5)
2025-11-02 22:27:16,496 [INFO] PluginManage:310 - Check plugin lpbam
2025-11-02 22:27:16,542 [INFO] PluginManage:359 - Loaded plugin lpbam (category:base,tabindex:0)
2025-11-02 22:27:16,544 [INFO] PluginManage:310 - Check plugin memorymap
2025-11-02 22:27:16,660 [INFO] PluginManage:359 - Loaded plugin memorymap (category:base,tabindex:4)
2025-11-02 22:27:16,660 [INFO] PluginManage:310 - Check plugin pinoutandconfiguration
2025-11-02 22:27:16,671 [INFO] PluginManage:359 - Loaded plugin pinoutandconfiguration (category:base,tabindex:1)
2025-11-02 22:27:16,672 [INFO] PluginManage:310 - Check plugin pinoutconfig
2025-11-02 22:27:16,799 [WARN] SupportedApi:132 - Cannot load RTOS API schema: s4s-elt-must-match.1: The content of 'definitions' must match (annotation?, (simpleType | complexType)?, (unique | key | keyref)*)). A problem was found starting at: attribute.
2025-11-02 22:27:17,052 [INFO] PluginManage:359 - Loaded plugin pinoutconfig (category:base,tabindex:0)
2025-11-02 22:27:17,052 [INFO] PluginManage:310 - Check plugin power
2025-11-02 22:27:17,068 [INFO] PluginManage:359 - Loaded plugin power (category:power,tabindex:4)
2025-11-02 22:27:17,069 [INFO] PluginManage:310 - Check plugin projectmanager
2025-11-02 22:27:17,101 [INFO] PluginManage:359 - Loaded plugin projectmanager (category:projectmanager,tabindex:4)
2025-11-02 22:27:17,101 [INFO] PluginManage:310 - Check plugin rif
2025-11-02 22:27:17,109 [INFO] PluginManage:359 - Loaded plugin rif (category:base,tabindex:3)
2025-11-02 22:27:17,110 [INFO] PluginManage:310 - Check plugin thirdparty
2025-11-02 22:27:17,348 [INFO] PluginManage:359 - Loaded plugin thirdparty (category:base,tabindex:-1)
2025-11-02 22:27:17,349 [INFO] PluginManage:310 - Check plugin tools
2025-11-02 22:27:17,348 [WARN] IntegrityCheckThread:84 - waiting for thirdparty lock release [integrity check]
2025-11-02 22:27:17,354 [INFO] IntegrityCheckThread:86 - entering critical section [integrity check]
2025-11-02 22:27:17,355 [INFO] PluginManage:359 - Loaded plugin tools (category:base,tabindex:7)
2025-11-02 22:27:17,355 [INFO] PluginManage:310 - Check plugin tutovideos
2025-11-02 22:27:17,356 [INFO] ThirdPartyUpdaterWithRetryManager:70 - Updater plugin not ready yet. [1/15]
2025-11-02 22:27:17,565 [INFO] PluginManage:359 - Loaded plugin tutovideos (category:base,tabindex:-1)
2025-11-02 22:27:17,565 [INFO] PluginManage:310 - Check plugin updater
2025-11-02 22:27:17,609 [INFO] PluginManage:359 - Loaded plugin updater (category:base,tabindex:12)
2025-11-02 22:27:17,610 [INFO] PluginManage:310 - Check plugin userauth
2025-11-02 22:27:17,617 [INFO] UserAuth:118 - Init User Auth plugin
2025-11-02 22:27:17,618 [INFO] PluginManage:359 - Loaded plugin userauth (category:base,tabindex:14)
2025-11-02 22:27:17,619 [INFO] PluginManage:283 - PluginManage : Loaded plugins [18]
2025-11-02 22:27:17,901 [INFO] PinOutPanel:1589 - setPackage(No Configuration,No Configuration)
2025-11-02 22:27:17,988 [INFO] CADModel:165 - CPN selected for project level
2025-11-02 22:27:17,988 [INFO] CADModel:114 - Register for checkConnection events
2025-11-02 22:27:18,000 [INFO] IPUIPlugin:80 - create IPUIPlugin
2025-11-02 22:27:18,000 [INFO] PluginManager:220 - loadIPPluginJar : add mdma
2025-11-02 22:27:18,005 [INFO] IPUIPlugin:80 - create IPUIPlugin
2025-11-02 22:27:18,006 [INFO] PluginManager:220 - loadIPPluginJar : add freertos
2025-11-02 22:27:18,010 [INFO] IPUIPlugin:80 - create IPUIPlugin
2025-11-02 22:27:18,010 [INFO] PluginManager:220 - loadIPPluginJar : add gic
2025-11-02 22:27:18,017 [INFO] IPUIPlugin:80 - create IPUIPlugin
2025-11-02 22:27:18,018 [INFO] PluginManager:220 - loadIPPluginJar : add adc
2025-11-02 22:27:18,020 [INFO] IPUIPlugin:80 - create IPUIPlugin
2025-11-02 22:27:18,020 [INFO] PluginManager:220 - loadIPPluginJar : add gtzc
2025-11-02 22:27:18,021 [INFO] IPUIPlugin:80 - create IPUIPlugin
2025-11-02 22:27:18,021 [INFO] PluginManager:220 - loadIPPluginJar : add quadspi
2025-11-02 22:27:18,023 [INFO] IPUIPlugin:80 - create IPUIPlugin
2025-11-02 22:27:18,023 [INFO] PluginManager:220 - loadIPPluginJar : add aes
2025-11-02 22:27:18,025 [INFO] IPUIPlugin:80 - create IPUIPlugin
2025-11-02 22:27:18,025 [INFO] PluginManager:220 - loadIPPluginJar : add pdm2pcm
2025-11-02 22:27:18,026 [INFO] IPUIPlugin:80 - create IPUIPlugin
2025-11-02 22:27:18,026 [INFO] PluginManager:220 - loadIPPluginJar : add hash
2025-11-02 22:27:18,028 [INFO] IPUIPlugin:80 - create IPUIPlugin
2025-11-02 22:27:18,028 [INFO] PluginManager:220 - loadIPPluginJar : add tim
2025-11-02 22:27:18,029 [INFO] IPUIPlugin:80 - create IPUIPlugin
2025-11-02 22:27:18,029 [INFO] PluginManager:220 - loadIPPluginJar : add tsc
2025-11-02 22:27:18,031 [INFO] IPUIPlugin:80 - create IPUIPlugin
2025-11-02 22:27:18,032 [INFO] PluginManager:220 - loadIPPluginJar : add extmemmanager
2025-11-02 22:27:18,033 [INFO] IPUIPlugin:80 - create IPUIPlugin
2025-11-02 22:27:18,033 [INFO] PluginManager:220 - loadIPPluginJar : add ts
2025-11-02 22:27:18,034 [INFO] IPUIPlugin:80 - create IPUIPlugin
2025-11-02 22:27:18,035 [INFO] PluginManager:220 - loadIPPluginJar : add radio
2025-11-02 22:27:18,036 [INFO] IPUIPlugin:80 - create IPUIPlugin
2025-11-02 22:27:18,036 [INFO] PluginManager:220 - loadIPPluginJar : add can
2025-11-02 22:27:18,038 [INFO] IPUIPlugin:80 - create IPUIPlugin
2025-11-02 22:27:18,038 [INFO] PluginManager:220 - loadIPPluginJar : add dma3
2025-11-02 22:27:18,040 [INFO] IPUIPlugin:80 - create IPUIPlugin
2025-11-02 22:27:18,041 [INFO] PluginManager:220 - loadIPPluginJar : add dfsdm
2025-11-02 22:27:18,042 [INFO] IPUIPlugin:80 - create IPUIPlugin
2025-11-02 22:27:18,042 [INFO] PluginManager:220 - loadIPPluginJar : add spi
2025-11-02 22:27:18,044 [INFO] IPUIPlugin:80 - create IPUIPlugin
2025-11-02 22:27:18,044 [INFO] PluginManager:220 - loadIPPluginJar : add gfxmmu
2025-11-02 22:27:18,045 [INFO] IPUIPlugin:80 - create IPUIPlugin
2025-11-02 22:27:18,045 [INFO] PluginManager:220 - loadIPPluginJar : add genericplugin
2025-11-02 22:27:18,047 [INFO] IPUIPlugin:80 - create IPUIPlugin
2025-11-02 22:27:18,047 [INFO] PluginManager:220 - loadIPPluginJar : add cryp
2025-11-02 22:27:18,050 [INFO] IPUIPlugin:80 - create IPUIPlugin
2025-11-02 22:27:18,050 [INFO] PluginManager:220 - loadIPPluginJar : add gpio
2025-11-02 22:27:18,052 [INFO] IPUIPlugin:80 - create IPUIPlugin
2025-11-02 22:27:18,053 [INFO] PluginManager:220 - loadIPPluginJar : add ddr_ctrl_phy
2025-11-02 22:27:18,054 [INFO] IPUIPlugin:80 - create IPUIPlugin
2025-11-02 22:27:18,054 [INFO] PluginManager:220 - loadIPPluginJar : add comp
2025-11-02 22:27:18,056 [INFO] IPUIPlugin:80 - create IPUIPlugin
2025-11-02 22:27:18,057 [INFO] PluginManager:220 - loadIPPluginJar : add tracer_emb
2025-11-02 22:27:18,059 [INFO] IPUIPlugin:80 - create IPUIPlugin
2025-11-02 22:27:18,059 [INFO] PluginManager:220 - loadIPPluginJar : add openamp
2025-11-02 22:27:18,064 [INFO] IPUIPlugin:80 - create IPUIPlugin
2025-11-02 22:27:18,064 [INFO] PluginManager:220 - loadIPPluginJar : add stm32_wpan
2025-11-02 22:27:18,069 [INFO] IPUIPlugin:80 - create IPUIPlugin
2025-11-02 22:27:18,072 [INFO] PluginManager:220 - loadIPPluginJar : add plateformsettings
2025-11-02 22:27:18,074 [INFO] IPUIPlugin:80 - create IPUIPlugin
2025-11-02 22:27:18,074 [INFO] PluginManager:220 - loadIPPluginJar : add ipddr
2025-11-02 22:27:18,076 [INFO] IPUIPlugin:80 - create IPUIPlugin
2025-11-02 22:27:18,077 [INFO] PluginManager:220 - loadIPPluginJar : add usart
2025-11-02 22:27:18,078 [INFO] IPUIPlugin:80 - create IPUIPlugin
2025-11-02 22:27:18,078 [INFO] PluginManager:220 - loadIPPluginJar : add ltdc
2025-11-02 22:27:18,082 [INFO] IPUIPlugin:80 - create IPUIPlugin
2025-11-02 22:27:18,082 [INFO] PluginManager:220 - loadIPPluginJar : add nvic
2025-11-02 22:27:18,084 [INFO] IPUIPlugin:80 - create IPUIPlugin
2025-11-02 22:27:18,084 [INFO] PluginManager:220 - loadIPPluginJar : add fatfs
2025-11-02 22:27:18,089 [INFO] IPUIPlugin:80 - create IPUIPlugin
2025-11-02 22:27:18,089 [INFO] PluginManager:220 - loadIPPluginJar : add linkedlist
2025-11-02 22:27:18,094 [INFO] IPUIPlugin:80 - create IPUIPlugin
2025-11-02 22:27:18,094 [INFO] PluginManager:220 - loadIPPluginJar : add dma
2025-11-02 22:27:18,097 [INFO] IPUIPlugin:80 - create IPUIPlugin
2025-11-02 22:27:18,097 [INFO] PluginManager:220 - loadIPPluginJar : add fmc
2025-11-02 22:27:18,098 [INFO] IPUIPlugin:80 - create IPUIPlugin
2025-11-02 22:27:18,099 [INFO] PluginManager:220 - loadIPPluginJar : add i2s
2025-11-02 22:27:18,100 [INFO] IPUIPlugin:80 - create IPUIPlugin
2025-11-02 22:27:18,100 [INFO] PluginManager:220 - loadIPPluginJar : add ucpd
2025-11-02 22:27:18,101 [INFO] IPUIPlugin:80 - create IPUIPlugin
2025-11-02 22:27:18,102 [INFO] PluginManager:220 - loadIPPluginJar : add lorawan
2025-11-02 22:27:18,104 [INFO] IPUIPlugin:80 - create IPUIPlugin
2025-11-02 22:27:18,104 [INFO] PluginManager:220 - loadIPPluginJar : add opamp
2025-11-02 22:27:18,106 [INFO] IPUIPlugin:80 - create IPUIPlugin
2025-11-02 22:27:18,106 [INFO] PluginManager:220 - loadIPPluginJar : add i3c
2025-11-02 22:27:18,108 [INFO] IPUIPlugin:80 - create IPUIPlugin
2025-11-02 22:27:18,108 [INFO] PluginManager:220 - loadIPPluginJar : add touchsensing
2025-11-02 22:27:18,111 [INFO] IPUIPlugin:80 - create IPUIPlugin
2025-11-02 22:27:18,112 [INFO] PluginManager:220 - loadIPPluginJar : add i2c
2025-11-02 22:27:18,114 [INFO] IPUIPlugin:80 - create IPUIPlugin
2025-11-02 22:27:18,115 [INFO] PluginManager:220 - loadIPPluginJar : add resmgrutility
2025-11-02 22:27:18,117 [INFO] IPUIPlugin:80 - create IPUIPlugin
2025-11-02 22:27:18,117 [INFO] PluginManager:220 - loadIPPluginJar : add sai
2025-11-02 22:27:18,119 [INFO] IPUIPlugin:80 - create IPUIPlugin
2025-11-02 22:27:18,119 [INFO] PluginManager:220 - loadIPPluginJar : add usbx
2025-11-02 22:27:18,239 [FATAL] Updater:351 - Updater called before beeing initialized
2025-11-02 22:27:18,298 [INFO] RulesReader:64 - Compatibility file has been processed (317 Rules)
2025-11-02 22:27:18,314 [INFO] RulesReader:64 - Compatibility file has been processed (317 Rules)
2025-11-02 22:27:18,327 [INFO] CADModel:165 - CPN selected for project level
2025-11-02 22:27:18,327 [INFO] CADModel:114 - Register for checkConnection events
2025-11-02 22:27:18,327 [FATAL] Updater:351 - Updater called before beeing initialized
2025-11-02 22:27:18,327 [ERROR] CADModel:125 - Updater not yet initialized, retry later 
2025-11-02 22:27:18,615 [FATAL] Updater:351 - Updater called before beeing initialized
2025-11-02 22:27:18,618 [INFO] CADModel:165 - CPN selected for project level
2025-11-02 22:27:18,618 [INFO] CADModel:114 - Register for checkConnection events
2025-11-02 22:27:18,618 [FATAL] Updater:351 - Updater called before beeing initialized
2025-11-02 22:27:18,618 [ERROR] CADModel:125 - Updater not yet initialized, retry later 
2025-11-02 22:27:18,622 [FATAL] Updater:351 - Updater called before beeing initialized
2025-11-02 22:27:18,848 [FATAL] Updater:351 - Updater called before beeing initialized
2025-11-02 22:27:18,854 [INFO] DbMcusAds:53 - JSON generation date=Thu Oct 02 11:36:05 CEST 2025 (1759397765645)
2025-11-02 22:27:18,854 [FATAL] Updater:351 - Updater called before beeing initialized
2025-11-02 22:27:19,259 [WARN] DetailPanel:346 - Failed to get advertising image, set to default
2025-11-02 22:27:19,339 [FATAL] Updater:351 - Updater called before beeing initialized
2025-11-02 22:27:19,343 [FATAL] Updater:351 - Updater called before beeing initialized
2025-11-02 22:27:19,344 [FATAL] Updater:351 - Updater called before beeing initialized
2025-11-02 22:27:19,344 [WARN] DetailPanel:346 - Failed to get advertising image, set to default
2025-11-02 22:27:19,348 [FATAL] Updater:351 - Updater called before beeing initialized
2025-11-02 22:27:19,423 [ERROR] Updater:1198 - MainUpdater not yet initialized. External WinMGr cannot be set.
2025-11-02 22:27:19,435 [INFO] Updater:1134 - Updater Version found : 6.15.0
2025-11-02 22:27:19,452 [INFO] ApplicationProperties:184 - Using Application install path: /Applications/STM32CubeIDE.app/Contents/Eclipse/plugins/com.st.stm32cube.common.mx_6.15.0.202507011659
2025-11-02 22:27:19,877 [INFO] MainUpdater:2872 - connection check result : 10
2025-11-02 22:27:19,878 [INFO] MainUpdater:3604 - Updater definition file requires update
2025-11-02 22:27:19,878 [INFO] MainUpdater:289 - Updater Check For Update Now.
2025-11-02 22:27:19,878 [INFO] MicroXplorer:498 - Change Database Version : DB.6.0.150
2025-11-02 22:27:19,883 [INFO] McuFinderGlobals:63 - Set McuFinder mode to 2 (CubeIDE integrated)
2025-11-02 22:27:19,884 [INFO] UserAuth:487 - Internet connection configuration mode: 1
2025-11-02 22:27:19,900 [INFO] JxBrowserEngine:152 - Initiate JxBrowser Engine with user profile folder
2025-11-02 22:27:19,991 [INFO] ServerAccessManage:452 - Complete download http(s) 200
2025-11-02 22:27:19,999 [INFO] ServerAccessManage:509 - Download File updaters.zip
2025-11-02 22:27:20,138 [INFO] FileExtend:248 - Unzip File : updaters.zip
2025-11-02 22:27:20,138 [INFO] FileExtend:263 - Standard Zip Deflate
2025-11-02 22:27:20,505 [WARN] MainUpdater:1193 - Updater busy. Cannot search thirdparties
2025-11-02 22:27:20,561 [INFO] ThirdPartyUpdaterWithRetryManager:96 - Updater plugin is busy. [1/15]
2025-11-02 22:27:20,788 [INFO] ServerAccessManage:452 - Complete download http(s) 200
2025-11-02 22:27:20,794 [INFO] ServerAccessManage:509 - Download File PacksControlFlags.xml
2025-11-02 22:27:20,977 [INFO] ServerAccessManage:452 - Complete download http(s) 200
2025-11-02 22:27:20,977 [INFO] ServerAccessManage:509 - Download File cubemx.pidx
2025-11-02 22:27:21,678 [INFO] ServerAccessManage:452 - Complete download http(s) 200
2025-11-02 22:27:21,679 [INFO] ServerAccessManage:509 - Download File STMicroelectronics.FP-SNS-MOTENV1.pdsc
2025-11-02 22:27:22,372 [INFO] ServerAccessManage:452 - Complete download http(s) 200
2025-11-02 22:27:22,373 [INFO] ServerAccessManage:509 - Download File STMicroelectronics.X-CUBE-GNSS1.pdsc
2025-11-02 22:27:23,046 [ERROR] ServerAccessManage:1212 - Problem, file not found on Server
2025-11-02 22:27:23,218 [ERROR] ServerAccessManage:1212 - Problem, file not found on Server
2025-11-02 22:27:23,350 [ERROR] ServerAccessManage:1212 - Problem, file not found on Server
2025-11-02 22:27:23,522 [ERROR] ServerAccessManage:1212 - Problem, file not found on Server
2025-11-02 22:27:23,578 [WARN] MainUpdater:1193 - Updater busy. Cannot search thirdparties
2025-11-02 22:27:23,578 [INFO] ThirdPartyUpdaterWithRetryManager:96 - Updater plugin is busy. [2/15]
2025-11-02 22:27:23,667 [ERROR] ServerAccessManage:1212 - Problem, file not found on Server
2025-11-02 22:27:23,755 [ERROR] ServerAccessManage:1212 - Problem, file not found on Server
2025-11-02 22:27:24,771 [WARN] PackLoader:240 - Cannot read IP mode file for STMicroelectronics.FP-SNS-MOTENV1.5.1.0
2025-11-02 22:27:24,812 [WARN] PackLoader:240 - Cannot read IP mode file for STMicroelectronics.X-CUBE-GNSS1.7.1.0
2025-11-02 22:27:24,827 [INFO] PopulateThirdPartyThread:66 - Ending populate Thread
2025-11-02 22:27:24,836 [INFO] ThirdParty:1030 - CMSIS Pack Vendor :STMicroelectronics X-CUBE-GNSS1 7.1.0
2025-11-02 22:27:24,836 [INFO] ThirdParty:1030 - CMSIS Pack Vendor :STMicroelectronics FP-SNS-MOTENV1 5.1.0
2025-11-02 22:27:24,836 [INFO] LoadServerUpdatesThread:375 - End of LoadServerUpdate Thread
2025-11-02 22:27:24,960 [INFO] CheckServerUpdateThread:120 - End of CheckServer Thread
2025-11-02 22:27:26,833 [WARN] PackLoader:240 - Cannot read IP mode file for STMicroelectronics.FP-SNS-MOTENVWB1.1.4.0
2025-11-02 22:27:26,900 [WARN] PackLoader:240 - Cannot read IP mode file for STMicroelectronics.FP-ATR-ASTRA1.2.0.2
2025-11-02 22:27:26,920 [WARN] PackLoader:240 - Cannot read IP mode file for STMicroelectronics.X-CUBE-SMBUS.2.1.0
2025-11-02 22:27:26,932 [WARN] PackLoader:240 - Cannot read IP mode file for STMicroelectronics.X-CUBE-ST60.1.0.0
2025-11-02 22:27:26,999 [WARN] PackLoader:240 - Cannot read IP mode file for STMicroelectronics.X-CUBE-AZRTOS-F7.1.1.0
2025-11-02 22:27:27,045 [WARN] PackLoader:240 - Cannot read IP mode file for STMicroelectronics.FP-SNS-MOTENV1.5.1.0
2025-11-02 22:27:27,157 [WARN] PackLoader:240 - Cannot read IP mode file for Infineon.AIROC-Wi-Fi-Bluetooth-STM32.1.7.0
2025-11-02 22:27:27,255 [WARN] PackLoader:240 - Cannot read IP mode file for STMicroelectronics.X-CUBE-AZRTOS-H7.3.4.0
2025-11-02 22:27:27,308 [WARN] PackLoader:240 - Cannot read IP mode file for STMicroelectronics.X-CUBE-DISPLAY.3.0.0
2025-11-02 22:27:27,348 [WARN] PackLoader:240 - Cannot read IP mode file for STMicroelectronics.X-CUBE-NFC10.1.0.0
2025-11-02 22:27:27,379 [WARN] PackLoader:240 - Cannot read IP mode file for STMicroelectronics.X-CUBE-BLEMGR.4.0.0
2025-11-02 22:27:27,405 [WARN] PackLoader:240 - Cannot read IP mode file for STMicroelectronics.X-CUBE-ST60.1.1.0
2025-11-02 22:27:27,419 [WARN] PackLoader:240 - Cannot read IP mode file for emotas.I-CUBE-CANOPEN.1.3.0
2025-11-02 22:27:27,428 [WARN] PackLoader:240 - Cannot read IP mode file for STMicroelectronics.X-CUBE-GNSS1.7.1.0
2025-11-02 22:27:27,442 [WARN] ConditionMgr:438 - getConditionDescription Invalid condition id : Cortex-A Device cause : null
2025-11-02 22:27:27,479 [WARN] ConditionMgr:1044 - genDependencies : Invalid condition id : Cortex-A Device cause : null
2025-11-02 22:27:27,480 [WARN] ConditionMgr:1044 - genDependencies : Invalid condition id : Cortex-A Device cause : null
2025-11-02 22:27:27,480 [WARN] ConditionMgr:1044 - genDependencies : Invalid condition id : Cortex-A Device cause : null
2025-11-02 22:27:27,506 [WARN] PackLoader:240 - Cannot read IP mode file for STMicroelectronics.FP-SNS-STBOX1.2.1.0
2025-11-02 22:27:27,532 [WARN] PackLoader:240 - Cannot read IP mode file for STMicroelectronics.FP-SNS-SMARTAG2.1.2.0
2025-11-02 22:27:27,539 [WARN] PackLoader:240 - Cannot read IP mode file for STMicroelectronics.FP-SNS-FLIGHT1.5.1.0
2025-11-02 22:27:27,552 [INFO] LogOutputStream:77 - [STDOUT_REDIRECT] 1 : Invalid condition id : UX_CORESTACK_Condition cause : null
2025-11-02 22:27:27,555 [INFO] LogOutputStream:77 - [STDOUT_REDIRECT] 1 : Invalid condition id : UX_CORESTACK_Condition cause : null
2025-11-02 22:27:27,555 [INFO] LogOutputStream:77 - [STDOUT_REDIRECT] 1 : Invalid condition id : UX_CORESTACK_Condition cause : null
2025-11-02 22:27:27,555 [INFO] LogOutputStream:77 - [STDOUT_REDIRECT] 1 : Invalid condition id : UX_CORESTACK_Condition cause : null
2025-11-02 22:27:27,556 [INFO] LogOutputStream:77 - [STDOUT_REDIRECT] 1 : Invalid condition id : UX_CORESTACK_Condition cause : null
2025-11-02 22:27:27,563 [WARN] PackLoader:240 - Cannot read IP mode file for STMicroelectronics.X-CUBE-AZRTOS-WL.2.0.0
2025-11-02 22:27:27,572 [WARN] PackLoader:240 - Cannot read IP mode file for STMicroelectronics.FP-SNS-MOTENV1.5.0.0
2025-11-02 22:27:27,586 [WARN] PackLoader:240 - Cannot read IP mode file for WES.I-CUBE-Cesium.1.3.0
2025-11-02 22:27:27,598 [WARN] PackLoader:240 - Cannot read IP mode file for STMicroelectronics.X-CUBE-BLE2.3.3.0
2025-11-02 22:27:27,611 [WARN] PackLoader:240 - Cannot read IP mode file for STMicroelectronics.X-CUBE-NFC9.1.0.0
2025-11-02 22:27:27,620 [WARN] PackLoader:240 - Cannot read IP mode file for wolfSSL.I-CUBE-wolfSSL.5.8.0
2025-11-02 22:27:27,635 [WARN] PackLoader:240 - Cannot read IP mode file for STMicroelectronics.X-CUBE-BLE1.7.1.0
2025-11-02 22:27:27,646 [WARN] PackLoader:240 - Cannot read IP mode file for wolfSSL.I-CUBE-wolfMQTT.1.19.2
2025-11-02 22:27:27,666 [WARN] PackLoader:240 - Cannot read IP mode file for STMicroelectronics.X-CUBE-EEPRMA1.5.2.0
2025-11-02 22:27:27,689 [WARN] PackLoader:240 - Cannot read IP mode file for STMicroelectronics.X-CUBE-ST67W61.1.1.0
2025-11-02 22:27:27,704 [WARN] PackLoader:240 - Cannot read IP mode file for STMicroelectronics.X-CUBE-AI.10.1.0
2025-11-02 22:27:27,735 [WARN] PackLoader:240 - Cannot read IP mode file for STMicroelectronics.X-CUBE-AZRTOS-G0.1.1.0
2025-11-02 22:27:27,760 [WARN] PackLoader:240 - Cannot read IP mode file for STMicroelectronics.X-CUBE-SAFEA1.1.2.2
2025-11-02 22:27:27,773 [WARN] PackLoader:240 - Cannot read IP mode file for STMicroelectronics.X-CUBE-NFC4.3.0.0
2025-11-02 22:27:27,791 [WARN] PackLoader:240 - Cannot read IP mode file for EmbeddedOffice.I-CUBE-FS-RTOS.1.0.1
2025-11-02 22:27:27,803 [WARN] PackLoader:240 - Cannot read IP mode file for STMicroelectronics.X-CUBE-WB05N.2.0.0
2025-11-02 22:27:27,807 [WARN] PackLoader:240 - Cannot read IP mode file for wolfSSL.I-CUBE-wolfTPM.3.8.0
2025-11-02 22:27:27,814 [WARN] PackLoader:240 - Cannot read IP mode file for STMicroelectronics.X-CUBE-TCPP.4.2.0
2025-11-02 22:27:27,833 [WARN] PackLoader:240 - Cannot read IP mode file for RealThread.X-CUBE-RT-Thread_Nano.4.1.1
2025-11-02 22:27:27,840 [WARN] PackLoader:240 - Cannot read IP mode file for STMicroelectronics.FP-ATR-SIGFOX1.3.2.0
2025-11-02 22:27:27,848 [WARN] PackLoader:240 - Cannot read IP mode file for STMicroelectronics.X-CUBE-EEPRMA1.5.1.0
2025-11-02 22:27:27,859 [WARN] PackLoader:240 - Cannot read IP mode file for ITTIA_DB.I-CUBE-ITTIADB.8.9.0
2025-11-02 22:27:27,870 [WARN] PackLoader:240 - Cannot read IP mode file for STMicroelectronics.X-CUBE-ST67W61.1.0.0
2025-11-02 22:27:27,887 [WARN] PackLoader:240 - Cannot read IP mode file for STMicroelectronics.X-CUBE-AI.10.2.0
2025-11-02 22:27:27,949 [WARN] PackLoader:240 - Cannot read IP mode file for SEGGER.I-CUBE-embOS.1.3.1
2025-11-02 22:27:27,991 [WARN] PackLoader:240 - Cannot read IP mode file for STMicroelectronics.X-CUBE-ALGOBUILD.1.4.0
2025-11-02 22:27:28,085 [WARN] PackLoader:240 - Cannot read IP mode file for STMicroelectronics.X-CUBE-MEMS1.11.3.0
2025-11-02 22:27:28,209 [WARN] PackLoader:240 - Cannot read IP mode file for STMicroelectronics.X-CUBE-PM33A1.1.0.0
2025-11-02 22:27:28,248 [WARN] PackLoader:240 - Cannot read IP mode file for STMicroelectronics.X-CUBE-AZRTOS-F4.1.1.0
2025-11-02 22:27:28,264 [WARN] PackLoader:240 - Cannot read IP mode file for Avnet-IotConnect.X-CUBE-IoTC-DA16k-PMOD.1.0.0
2025-11-02 22:27:28,268 [WARN] PackLoader:240 - Cannot read IP mode file for STMicroelectronics.X-CUBE-ISPU.2.1.0
2025-11-02 22:27:28,286 [WARN] PackLoader:240 - Cannot read IP mode file for STMicroelectronics.X-CUBE-IPS.3.2.0
2025-11-02 22:27:28,304 [WARN] PackLoader:240 - Cannot read IP mode file for STMicroelectronics.X-CUBE-NFC12.1.0.0
2025-11-02 22:27:28,341 [WARN] PackLoader:240 - Cannot read IP mode file for STMicroelectronics.X-CUBE-AZRTOS-L5.2.0.0
2025-11-02 22:27:28,361 [WARN] PackLoader:240 - Cannot read IP mode file for STMicroelectronics.X-CUBE-NFC6.3.1.0
2025-11-02 22:27:28,371 [WARN] PackLoader:240 - Cannot read IP mode file for STMicroelectronics.X-CUBE-FREERTOS.1.3.1
2025-11-02 22:27:28,380 [WARN] PackLoader:240 - Cannot read IP mode file for STMicroelectronics.X-CUBE-TOUCHGFX.4.26.0
2025-11-02 22:27:28,386 [WARN] PackLoader:240 - Cannot read IP mode file for STMicroelectronics.FP-SNS-STAIOTCFT.1.0.0
2025-11-02 22:27:28,394 [WARN] PackLoader:240 - Cannot read IP mode file for STMicroelectronics.X-CUBE-DPower.1.3.0
2025-11-02 22:27:28,422 [WARN] ConditionMgr:438 - getConditionDescription Invalid condition id : LAN8742 Phy interface Condition cause : null
2025-11-02 22:27:28,425 [WARN] PackLoader:240 - Cannot read IP mode file for STMicroelectronics.X-CUBE-AZRTOS-L4.2.0.0
2025-11-02 22:27:28,430 [WARN] ConditionMgr:1044 - genDependencies : Invalid condition id : LAN8742 Phy interface Condition cause : null
2025-11-02 22:27:28,431 [WARN] ConditionMgr:1044 - genDependencies : Invalid condition id : LAN8742 Phy interface Condition cause : null
2025-11-02 22:27:28,432 [WARN] ConditionMgr:1044 - genDependencies : Invalid condition id : LAN8742 Phy interface Condition cause : null
2025-11-02 22:27:28,445 [WARN] PackLoader:240 - Cannot read IP mode file for STMicroelectronics.X-CUBE-SFXS2LP1.4.0.0
2025-11-02 22:27:28,488 [WARN] PackLoader:240 - Cannot read IP mode file for STMicroelectronics.X-CUBE-AZRTOS-H7.3.3.0
2025-11-02 22:27:28,524 [WARN] PackLoader:240 - Cannot read IP mode file for STMicroelectronics.X-CUBE-BLEMGR.4.1.0
2025-11-02 22:27:28,551 [WARN] ConditionMgr:438 - getConditionDescription Invalid condition id : UX DEVICE CLASS RTOS Condition cause : null
2025-11-02 22:27:28,552 [WARN] ConditionMgr:438 - getConditionDescription Invalid condition id : UX DEVICE CLASS RTOS Condition cause : null
2025-11-02 22:27:28,557 [WARN] PackLoader:240 - Cannot read IP mode file for STMicroelectronics.X-CUBE-AZRTOS-WB.2.0.0
2025-11-02 22:27:28,558 [WARN] ConditionMgr:1044 - genDependencies : Invalid condition id : UX DEVICE CLASS RTOS Condition cause : null
2025-11-02 22:27:28,558 [WARN] ConditionMgr:1044 - genDependencies : Invalid condition id : UX DEVICE CLASS RTOS Condition cause : null
2025-11-02 22:27:28,559 [WARN] ConditionMgr:1044 - genDependencies : Invalid condition id : UX DEVICE CLASS RTOS Condition cause : null
2025-11-02 22:27:28,559 [WARN] ConditionMgr:1044 - genDependencies : Invalid condition id : UX DEVICE CLASS RTOS Condition cause : null
2025-11-02 22:27:28,559 [WARN] ConditionMgr:1044 - genDependencies : Invalid condition id : UX DEVICE CLASS RTOS Condition cause : null
2025-11-02 22:27:28,576 [WARN] PackLoader:240 - Cannot read IP mode file for STMicroelectronics.X-CUBE-GNSS1.7.0.1
2025-11-02 22:27:28,583 [WARN] PackLoader:240 - Cannot read IP mode file for STMicroelectronics.X-CUBE-TOUCHGFX.4.25.0
2025-11-02 22:27:28,591 [WARN] PackLoader:240 - Cannot read IP mode file for STMicroelectronics.FP-SNS-STBOX1.2.0.0
2025-11-02 22:27:28,612 [WARN] PackLoader:240 - Cannot read IP mode file for STMicroelectronics.X-CUBE-SUBG2.5.0.0
2025-11-02 22:27:28,654 [WARN] PackLoader:240 - Cannot read IP mode file for STMicroelectronics.X-CUBE-AZRTOS-H7RS.1.1.0
2025-11-02 22:27:28,665 [WARN] PackLoader:240 - Cannot read IP mode file for Cesanta.I-CUBE-Mongoose.7.13.0
2025-11-02 22:27:28,737 [WARN] PackLoader:240 - Cannot read IP mode file for STMicroelectronics.X-CUBE-AZRTOS-G4.2.0.0
2025-11-02 22:27:28,775 [WARN] PackLoader:240 - Cannot read IP mode file for wolfSSL.I-CUBE-wolfSSH.1.4.20
2025-11-02 22:27:28,783 [WARN] PackLoader:240 - Cannot read IP mode file for STMicroelectronics.X-CUBE-NFC7.2.0.0
2025-11-02 22:27:28,794 [WARN] PackLoader:240 - Cannot read IP mode file for STMicroelectronics.X-CUBE-IPS.3.1.0
2025-11-02 22:27:28,804 [WARN] PackLoader:240 - Cannot read IP mode file for STMicroelectronics.X-CUBE-ALS.1.0.2
2025-11-02 22:27:28,814 [WARN] PackLoader:240 - Cannot read IP mode file for STMicroelectronics.X-CUBE-STSE01.1.0.0
2025-11-02 22:27:28,833 [WARN] PackLoader:240 - Cannot read IP mode file for portGmbH.I-Cube-SoM-uGOAL.1.1.0
2025-11-02 22:27:28,848 [WARN] PackLoader:240 - Cannot read IP mode file for STMicroelectronics.X-CUBE-TOF1.3.4.3
2025-11-02 22:27:28,859 [INFO] ThirdParty:978 - Integrity check success = true
2025-11-02 22:27:28,859 [INFO] IntegrityCheckThread:100 - exiting critical section [integrity check]
2025-11-02 22:27:28,859 [INFO] IntegrityCheckThread:103 - End integrity checks thread
2025-11-02 22:28:04,013 [INFO] WebApp:169 - Instantiating new browser for Auth
2025-11-02 22:28:05,902 [INFO] WebApp:463 - Apply proxy settings
2025-11-02 22:28:06,129 [INFO] WebApp:508 - Chromium authenticates against Manually configured proxy
2025-11-02 22:28:06,252 [INFO] WebApp:516 - Username used for proxy authentication: 
2025-11-02 22:28:06,341 [INFO] WebApp:900 - Register for checkConnection events
2025-11-02 22:28:06,343 [INFO] WebApp:463 - Apply proxy settings
2025-11-02 22:28:06,367 [INFO] WebApp:508 - Chromium authenticates against Manually configured proxy
2025-11-02 22:28:06,368 [INFO] WebApp:516 - Username used for proxy authentication: 
2025-11-02 22:28:06,631 [INFO] WebApp:225 - Starting web application
2025-11-02 22:28:06,632 [INFO] WebApp:593 - Web application path used /Applications/STM32CubeIDE.app/Contents/Eclipse/plugins/com.st.stm32cube.common.mx_6.15.0.202507011659/db/plugins/mcufinder/reactClient1/index.html
2025-11-02 22:28:06,804 [INFO] WebApp:191 - Connection restablished
2025-11-02 22:28:07,553 [INFO] UserAuth:487 - Internet connection configuration mode: 1
2025-11-02 22:30:22,085 [INFO] McuFinderGlobals:63 - Set McuFinder mode to 2 (CubeIDE integrated)
2025-11-02 22:30:24,075 [INFO] MainUpdater:2872 - connection check result : 10
2025-11-02 22:30:24,077 [INFO] MainUpdater:2872 - connection check result : 10
2025-11-02 22:30:25,135 [INFO] MicroXplorer:468 - Change Database Path : 
2025-11-02 22:30:25,136 [INFO] MicroXplorer:498 - Change Database Version : DB.6.0.150
2025-11-02 22:30:25,142 [WARN] ThirdParty:871 - waiting for thirdparty lock release [close project]
2025-11-02 22:30:25,142 [INFO] ThirdParty:873 - entering critical section [close project]
2025-11-02 22:30:25,152 [INFO] ThirdParty:883 - exiting critical section [close project]
2025-11-02 22:30:25,160 [INFO] PinOutPanel:1589 - setPackage(No Configuration,No Configuration)
2025-11-02 22:30:25,166 [INFO] UtilMem:75 - Begin LoadConfig() Used Memory: 595003408 Bytes (848297984)
2025-11-02 22:30:25,170 [INFO] MicroXplorer:468 - Change Database Path : 
2025-11-02 22:30:25,170 [INFO] MicroXplorer:498 - Change Database Version : DB.6.0.150
2025-11-02 22:30:25,170 [INFO] OpenFileManager:355 - Change cursor
2025-11-02 22:30:25,312 [INFO] Mcu:2029 - Initializing MCU STM32F401R(D-E)Tx STM32F401RETx STM32F401RET6
2025-11-02 22:30:26,614 [INFO] Context:786 - Trying to add GPIOservice into a context  which must be forbidden
2025-11-02 22:30:28,376 [INFO] ImportTextPane:234 - (OptionalMessage_ERROR) Pin17 (VP_RIF_VS_RIF1) cannot be retrieved for this MCU
2025-11-02 22:30:28,660 [INFO] RtosManager:558 - Registered RTOS mode: class=CMSIS, group=RTOS, mode=CMSIS_V1, owner=FREERTOS
2025-11-02 22:30:28,662 [INFO] RtosManager:558 - Registered RTOS mode: class=CMSIS, group=RTOS2, mode=CMSIS_V2, owner=FREERTOS
2025-11-02 22:30:28,662 [INFO] RtosManager:558 - Registered RTOS mode: class=RTOS, group=Core, mode=CMSIS_V1, owner=FREERTOS
2025-11-02 22:30:28,662 [INFO] RtosManager:558 - Registered RTOS mode: class=RTOS, group=Core, mode=CMSIS_V2, owner=FREERTOS
2025-11-02 22:30:28,662 [WARN] ModelIntegratedComponent:184 - Missing modes for component STMicroelectronics:FreeRTOS:0.0.1:STMicroelectronics:RTOS:FreeRTOS:Core:::10.2.0:
2025-11-02 22:30:28,708 [WARN] ModelIntegratedComponent:63 - No mode defined for component null
2025-11-02 22:30:28,708 [WARN] ModelIntegratedComponent:63 - No mode defined for component null
2025-11-02 22:30:28,708 [WARN] ModelIntegratedComponent:63 - No mode defined for component null
2025-11-02 22:30:28,708 [WARN] ModelIntegratedComponent:63 - No mode defined for component null
2025-11-02 22:30:28,708 [WARN] ModelIntegratedComponent:63 - No mode defined for component null
2025-11-02 22:30:28,708 [WARN] ModelIntegratedComponent:63 - No mode defined for component null
2025-11-02 22:30:28,709 [WARN] ModelIntegratedComponent:63 - No mode defined for component null
2025-11-02 22:30:28,709 [WARN] ModelIntegratedComponent:63 - No mode defined for component null
2025-11-02 22:30:28,709 [WARN] ModelIntegratedComponent:63 - No mode defined for component null
2025-11-02 22:30:28,709 [WARN] ModelIntegratedComponent:63 - No mode defined for component null
2025-11-02 22:30:28,709 [WARN] ModelIntegratedComponent:63 - No mode defined for component null
2025-11-02 22:30:28,709 [WARN] ModelIntegratedComponent:63 - No mode defined for component null
2025-11-02 22:30:28,709 [WARN] ModelIntegratedComponent:63 - No mode defined for component null
2025-11-02 22:30:28,709 [WARN] ModelIntegratedComponent:63 - No mode defined for component null
2025-11-02 22:30:28,709 [WARN] ModelIntegratedComponent:63 - No mode defined for component null
2025-11-02 22:30:28,709 [WARN] ModelIntegratedComponent:63 - No mode defined for component null
2025-11-02 22:30:28,709 [WARN] ModelIntegratedComponent:63 - No mode defined for component null
2025-11-02 22:30:28,710 [WARN] ModelIntegratedComponent:63 - No mode defined for component null
2025-11-02 22:30:28,710 [WARN] ModelIntegratedComponent:63 - No mode defined for component null
2025-11-02 22:30:28,710 [WARN] ModelIntegratedComponent:63 - No mode defined for component null
2025-11-02 22:30:28,710 [WARN] ModelIntegratedComponent:63 - No mode defined for component null
2025-11-02 22:30:28,710 [WARN] ModelIntegratedComponent:63 - No mode defined for component null
2025-11-02 22:30:28,710 [WARN] ModelIntegratedComponent:63 - No mode defined for component null
2025-11-02 22:30:28,710 [WARN] ModelIntegratedComponent:63 - No mode defined for component null
2025-11-02 22:30:28,710 [WARN] ModelIntegratedComponent:63 - No mode defined for component null
2025-11-02 22:30:28,710 [WARN] ModelIntegratedComponent:63 - No mode defined for component null
2025-11-02 22:30:28,710 [WARN] ModelIntegratedComponent:63 - No mode defined for component null
2025-11-02 22:30:28,710 [WARN] ModelIntegratedComponent:63 - No mode defined for component null
2025-11-02 22:30:28,710 [WARN] ModelIntegratedComponent:63 - No mode defined for component null
2025-11-02 22:30:28,710 [WARN] ModelIntegratedComponent:63 - No mode defined for component null
2025-11-02 22:30:28,710 [WARN] ModelIntegratedComponent:63 - No mode defined for component null
2025-11-02 22:30:28,710 [WARN] ModelIntegratedComponent:63 - No mode defined for component null
2025-11-02 22:30:28,710 [WARN] ModelIntegratedComponent:63 - No mode defined for component null
2025-11-02 22:30:28,710 [WARN] ModelIntegratedComponent:63 - No mode defined for component null
2025-11-02 22:30:28,711 [WARN] ModelIntegratedComponent:63 - No mode defined for component null
2025-11-02 22:30:28,712 [WARN] ModelPack:524 - Component already loaded: STMicroelectronics:HAL Drivers:0.0.0:STMicroelectronics:Device:STMicro_Driver:XSPI:HAL::0.0.1:HAL_XSPI
2025-11-02 22:30:28,827 [INFO] ThirdPartyModel:298 - Start build external matchings
2025-11-02 22:30:29,171 [INFO] ThirdPartyModel:316 - End build external matchings
2025-11-02 22:30:29,241 [INFO] ImportTextPane:234 - (OptionalMessage_ERROR) IP (DMA) : Parameter (Instance) has Id (ADC1) currently not set
2025-11-02 22:30:29,241 [INFO] ImportTextPane:234 - (OptionalMessage_ERROR) IP (DMA) : Parameter (Channel) has Id (ADC1) currently not set
2025-11-02 22:30:29,241 [INFO] ImportTextPane:234 - (OptionalMessage_ERROR) IP (DMA) : Parameter (Direction) has Id (ADC1) currently not set
2025-11-02 22:30:29,241 [INFO] ImportTextPane:234 - (OptionalMessage_ERROR) IP (DMA) : Parameter (PeriphInc) has Id (ADC1) currently not set
2025-11-02 22:30:29,242 [INFO] ImportTextPane:234 - (OptionalMessage_ERROR) IP (DMA) : Parameter (MemInc) has Id (ADC1) currently not set
2025-11-02 22:30:29,242 [INFO] ImportTextPane:234 - (OptionalMessage_ERROR) IP (DMA) : Parameter (PeriphDataAlignment) has Id (ADC1) currently not set
2025-11-02 22:30:29,242 [INFO] ImportTextPane:234 - (OptionalMessage_ERROR) IP (DMA) : Parameter (MemDataAlignment) has Id (ADC1) currently not set
2025-11-02 22:30:29,242 [INFO] ImportTextPane:234 - (OptionalMessage_ERROR) IP (DMA) : Parameter (Mode) has Id (ADC1) currently not set
2025-11-02 22:30:29,242 [INFO] ImportTextPane:234 - (OptionalMessage_ERROR) IP (DMA) : Parameter (Priority) has Id (ADC1) currently not set
2025-11-02 22:30:29,242 [INFO] ImportTextPane:234 - (OptionalMessage_ERROR) IP (DMA) : Parameter (FIFOMode) has Id (ADC1) currently not set
2025-11-02 22:30:29,250 [INFO] ImportTextPane:234 - (OptionalMessage_ERROR) IP (RCC) : Parameter (RTCHSEDivFreq_Value) has invalid value (4000000)
2025-11-02 22:30:30,233 [INFO] ApiDb:581 - Connected to CubeFinder SQLite database (/Users/vladpetrenko/.stmcufinder/plugins/mcufinder/mcu/cube-finder-db.db)
2025-11-02 22:30:30,318 [INFO] ApiDb:668 - CubeFinder database Data Model version=2.1
2025-11-02 22:30:30,318 [INFO] ApiDb:669 - CubeFinder database Configuration version=3.0.39
2025-11-02 22:30:30,320 [INFO] ApiDb:670 - CubeFinder database generation date=2025-08-25 (1756130511)
2025-11-02 22:30:30,320 [INFO] ApiDb:671 - CubeFinder database FW Pack versions=[FP-ATR-ASTRA1_V2.0.0, FP-SNS-FLIGHT1_V5.1.0, FP-SNS-MOTENV1_V5.0.0, FP-SNS-MOTENVWB1_V1.4.0, FP-SNS-SMARTAG2_V1.2.0, FP-SNS-STBOX1_V2.1.0, STM32Cube_FW_C0_V1.4.0, STM32Cube_FW_F4_V1.28.3, STM32Cube_FW_F7_V1.17.4, STM32Cube_FW_G0_V1.6.2, STM32Cube_FW_G4_V1.6.1, STM32Cube_FW_H5_V1.5.0, STM32Cube_FW_H7RS_V1.2.0, STM32Cube_FW_H7_V1.12.1, STM32Cube_FW_L0_V1.12.2, STM32Cube_FW_L4_V1.18.1, STM32Cube_FW_L5_V1.5.1, STM32Cube_FW_N6_V1.2.0, STM32Cube_FW_U0_V1.3.0, STM32Cube_FW_U3_V1.2.0, STM32Cube_FW_U5_V1.8.0, STM32Cube_FW_WB0_V1.3.0, STM32Cube_FW_WBA_V1.7.0, STM32Cube_FW_WB_V1.23.0, STM32Cube_FW_WL3_V1.2.0, STM32Cube_FW_WL_V1.3.1, X-CUBE-ALGOBUILD_V1.4.0, X-CUBE-ALS_V1.0.2, X-CUBE-AZRTOS-F4_V1.1.0, X-CUBE-AZRTOS-F7_V1.1.0, X-CUBE-AZRTOS-G0_V1.1.0, X-CUBE-AZRTOS-G4_V2.0.0, X-CUBE-AZRTOS-H7RS_V1.1.0, X-CUBE-AZRTOS-H7_V3.4.0, X-CUBE-AZRTOS-L4_V2.0.0, X-CUBE-AZRTOS-L5_V2.0.0, X-CUBE-AZRTOS-WB_V2.0.0, X-CUBE-AZRTOS-WL_V2.0.0, X-CUBE-BLE1_V7.1.0, X-CUBE-BLE2_V3.3.0, X-CUBE-BLEMGR_V4.1.0, X-CUBE-EEPRMA1_V5.2.0, X-CUBE-FREERTOS_V1.3.1, X-CUBE-GNSS1_V6.0.0, X-CUBE-MEMS1_V11.3.0, X-CUBE-NFC4_V3.0.0, X-CUBE-NFC7_V2.0.0, X-CUBE-SFXS2LP1_V4.0.0, X-CUBE-ST67W61_V1.0.0, X-CUBE-SUBG2_V5.0.0, X-CUBE-TOF1_V3.4.3]
2025-11-02 22:30:30,444 [INFO] DbBoardsSqlite:226 - include board P-NUCLEO-WB55-NUCLEO as a kit item of type 'Nucleo-64'
2025-11-02 22:30:30,446 [INFO] DbBoardsSqlite:226 - include board P-NUCLEO-WB55-USBDONGLE as a kit item of type 'Nucleo USB Dongle'
2025-11-02 22:30:30,447 [INFO] DbBoardsSqlite:226 - include board STEVAL-IDP005V1 as a kit item of type 'Evaluation Board'
2025-11-02 22:30:30,448 [INFO] DbBoardsSqlite:226 - include board STEVAL-IDP005V2 as a kit item of type 'Evaluation Board'
2025-11-02 22:30:30,660 [INFO] ApiDb:240 - Found 880 in-development CPN: [B-G473E-ZEST1S, B-WB1M-WPAN1, B-WBA5M-WPAN, B-WL5M-SUBG1, NUCLEO-C031C6, NUCLEO-C051C8, NUCLEO-C071RB, NUCLEO-C092RC, NUCLEO-H503RB, NUCLEO-H533RE, NUCLEO-H563ZI, NUCLEO-H7S3L8, NUCLEO-N657X0-Q, NUCLEO-U031R8, NUCLEO-U083RC, NUCLEO-U385RG-Q, NUCLEO-U545RE-Q, NUCLEO-U5A5ZJ-Q, NUCLEO-WB05KZ, NUCLEO-WB07CC, NUCLEO-WB09KE, NUCLEO-WBA52CG, NUCLEO-WBA55CG, NUCLEO-WL33CC1, NUCLEO-WL33CC2, STEVAL-PROTEUS1, STEVAL-SMARTAG2, STEVAL-STWINBX1, STM320518-EVAL, STM32C0116-DK, STM32C011D6Y3TR, STM32C011D6Y6TR, STM32C011F4P3, STM32C011F4P6, STM32C011F4U3, STM32C011F4U6TR, STM32C011F6P3, STM32C011F6P6, STM32C011F6U3, STM32C011F6U6TR, STM32C011J4M3, STM32C011J4M6, STM32C011J6M3, STM32C011J6M6, STM32C0316-DK, STM32C031C4T3, STM32C031C4T6, STM32C031C4U3, STM32C031C4U6, STM32C031C6T3, STM32C031C6T6, STM32C031C6U3, STM32C031C6U6, STM32C031F4P3, STM32C031F4P6, STM32C031F6P3, STM32C031F6P6, STM32C031G4U3, STM32C031G4U6, STM32C031G6U3, STM32C031G6U6, STM32C031K4T3, STM32C031K4T6, STM32C031K4U3, STM32C031K4U6, STM32C031K6T3, STM32C031K6T6, STM32C031K6U3, STM32C031K6U6, STM32C051C6T6, STM32C051C6U6, STM32C051C8T6, STM32C051C8U6, STM32C051D8Y6TR, STM32C051F6P6, STM32C051F8P6, STM32C051G6U6, STM32C051G8U6, STM32C051K6T6, STM32C051K6U6, STM32C051K8T6, STM32C071C8T6, STM32C071C8T6N, STM32C071C8U6, STM32C071C8U6N, STM32C071CBT6, STM32C071CBT6N, STM32C071CBU6, STM32C071CBU6N, STM32C071F8P6, STM32C071F8P6N, STM32C071FBP6, STM32C071FBP6N, STM32C071FBY6TR, STM32C071G8U6, STM32C071G8U6N, STM32C071GBU6, STM32C071GBU6N, STM32C071K8T6, STM32C071K8T6N, STM32C071K8U6, STM32C071K8U6N, STM32C071KBT6, STM32C071KBT6N, STM32C071KBU6, STM32C071KBU6N, STM32C071R8T6, STM32C071R8T6N, STM32C071RBI6N, STM32C071RBT6, STM32C071RBT6N, STM32C091CBT6, STM32C091CBU6, STM32C091CCT6, STM32C091CCU6, STM32C091ECY6TR, STM32C091FBP6, STM32C091FCP6, STM32C091GBU6, STM32C091GCU6, STM32C091KBT6, STM32C091KBU6, STM32C091KCT6, STM32C091KCU6, STM32C091RBT6, STM32C091RCI6, STM32C091RCT6, STM32C092CBT6, STM32C092CBU6, STM32C092CCT6, STM32C092CCU6, STM32C092ECY6TR, STM32C092FBP6, STM32C092FCP6, STM32C092GBU6, STM32C092GCU6, STM32C092KBT6, STM32C092KBU6, STM32C092KCT6, STM32C092KCU6, STM32C092RBT6, STM32C092RCI6, STM32C092RCT6, STM32G071K8TXN, STM32G071K8UXN, STM32G081GBU6N, STM32G081KBT6N, STM32G081KBUXN, STM32G0B1CCT6N, STM32G0B1KCT6, STM32G0B1NEY6TR, STM32G0B1RCT6N, STM32G0C1CCT6, STM32G0C1CCT6N, STM32G0C1CCU6N, STM32G0C1CET6N, STM32G0C1CEU6N, STM32G0C1KCT6, STM32G0C1NEY6TR, STM32G0C1RCI6N, STM32G0C1RCT6N, STM32G0C1REI6N, STM32G0C1RET6N, STM32G0C1VCI6, STM32G0C1VEI6, STM32G411C6T3, STM32G411C6T6, STM32G411C6U3, STM32G411C6U6, STM32G411C8T3, STM32G411C8T6, STM32G411C8U3, STM32G411C8U6, STM32G411CBT3, STM32G411CBT6, STM32G411CBU3, STM32G411CBU6, STM32G411K6T3, STM32G411K6T6, STM32G411K6U3, STM32G411K6U6, STM32G411K8T3, STM32G411K8T6, STM32G411K8U3, STM32G411K8U6, STM32G411KBT3, STM32G411KBT6, STM32G411KBU3, STM32G411KBU6, STM32G411M6T3, STM32G411M6T6, STM32G411M8T3, STM32G411M8T6, STM32G411MBT3, STM32G411MBT6, STM32G411R6T3, STM32G411R6T6, STM32G411R8T3, STM32G411R8T6, STM32G411RBT3, STM32G411RBT6, STM32G414CBT3, STM32G414CBT6, STM32G414CBU3, STM32G414CBU6, STM32G414CCT3, STM32G414CCT6, STM32G414CCU3, STM32G414CCU6, STM32G414MBT3, STM32G414MBT6, STM32G414MCT3, STM32G414MCT6, STM32G414RBT3, STM32G414RBT6, STM32G414RCT3, STM32G414RCT6, STM32G414VBT3, STM32G414VBT6, STM32G414VCT3, STM32G414VCT6, STM32G431CBT3Z, STM32G431RBT3Z, STM32G471CCT6, STM32G471CCU6, STM32G471CET3, STM32G471CET6, STM32G471CEU3, STM32G471CEU6, STM32G471MCT6, STM32G471MET3, STM32G471MET6, STM32G471MEY6TR, STM32G471QCT6, STM32G471QET3, STM32G471RCT6, STM32G471RET3, STM32G471RET6, STM32G471VCH6, STM32G471VCI6, STM32G471VCT6, STM32G471VEH3, STM32G471VEH6, STM32G471VEI3, STM32G471VEI6, STM32G471VET3, STM32G471VET6, STM32G473QET3Z, STM32G473RET3Z, STM32G474CCT6, STM32G491RET3Z, STM32H503CBT6, STM32H503CBU6, STM32H503EBY6TR, STM32H503KBU6, STM32H503RBT6, STM32H523CCT6, STM32H523CCU6, STM32H523CET6, STM32H523CEU6, STM32H523HEY6TR, STM32H523RCT6, STM32H523RET6, STM32H523VCI6, STM32H523VCT6, STM32H523VEI6, STM32H523VET6, STM32H523ZCJ6, STM32H523ZCT6, STM32H523ZEJ6, STM32H523ZET6, STM32H533CET6, STM32H533CEU6, STM32H533HEY6TR, STM32H533RET6, STM32H533VEI6, STM32H533VET6, STM32H533ZEJ6, STM32H533ZET6, STM32H562AGI6, STM32H562AII6, STM32H562IGK6, STM32H562IGT6, STM32H562IIK6, STM32H562IIT6, STM32H562RGT6, STM32H562RGV6, STM32H562RIT6, STM32H562RIV6, STM32H562VGT6, STM32H562VIT6, STM32H562ZGT6, STM32H562ZIT6, STM32H563AGI6, STM32H563AII3Q, STM32H563AII6, STM32H563IGK6, STM32H563IGT6, STM32H563IIK3Q, STM32H563IIK6, STM32H563IIT3Q, STM32H563IIT6, STM32H563MIY3QTR, STM32H563RGT6, STM32H563RGV6, STM32H563RIT6, STM32H563RIV6, STM32H563VGT6, STM32H563VIT3Q, STM32H563VIT6, STM32H563ZGT6, STM32H563ZIT3Q, STM32H563ZIT6, STM32H573AII3Q, STM32H573AII6, STM32H573I-DK, STM32H573IIK3Q, STM32H573IIK6, STM32H573IIT3Q, STM32H573IIT6, STM32H573MIY3QTR, STM32H573RIT6, STM32H573RIV6, STM32H573VIT3Q, STM32H573VIT6, STM32H573ZIT3Q, STM32H573ZIT6, STM32H7R3A8I6, STM32H7R3I8K6, STM32H7R3I8T6, STM32H7R3L8H6, STM32H7R3L8H6H, STM32H7R3R8V6, STM32H7R3V8H6, STM32H7R3V8T6, STM32H7R3V8Y6TR, STM32H7R3Z8J6, STM32H7R3Z8T6, STM32H7R7A8I6, STM32H7R7I8K6, STM32H7R7I8T6, STM32H7R7L8H6, STM32H7R7L8H6H, STM32H7R7Z8J6, STM32H7S3A8I6, STM32H7S3I8K6, STM32H7S3I8T6, STM32H7S3L8H6, STM32H7S3L8H6H, STM32H7S3R8V6, STM32H7S3V8H6, STM32H7S3V8T6, STM32H7S3V8Y6TR, STM32H7S3Z8J6, STM32H7S3Z8T6, STM32H7S78-DK, STM32H7S7A8I6, STM32H7S7I8K6, STM32H7S7I8T6, STM32H7S7L8H6, STM32H7S7L8H6H, STM32H7S7Z8J6, STM32L4R5QGI6STR, STM32MP131AAE3, STM32MP131AAF3, STM32MP131AAG3, STM32MP131CAE3, STM32MP131CAF3, STM32MP131CAG3, STM32MP131DAE7, STM32MP131DAF7, STM32MP131DAG7, STM32MP131FAE7, STM32MP131FAF7, STM32MP131FAG7, STM32MP133AAE3, STM32MP133AAF3, STM32MP133AAG3, STM32MP133CAE3, STM32MP133CAF3, STM32MP133CAG3, STM32MP133DAE7, STM32MP133DAF7, STM32MP133DAG7, STM32MP133FAE7, STM32MP133FAF7, STM32MP133FAG7, STM32MP135AAE3, STM32MP135AAF3, STM32MP135AAG3, STM32MP135CAE3, STM32MP135CAF3, STM32MP135CAG3, STM32MP135DAE7, STM32MP135DAF7, STM32MP135DAG7, STM32MP135F-DK, STM32MP135FAE7, STM32MP135FAF7, STM32MP135FAF7T, STM32MP135FAF7U, STM32MP135FAG7, STM32MP211AAL3, STM32MP211AAM3, STM32MP211AAN3, STM32MP211AAO3, STM32MP211CAL3, STM32MP211CAM3, STM32MP211CAN3, STM32MP211CAO3, STM32MP211DAL3, STM32MP211DAM3, STM32MP211DAN3, STM32MP211DAO3, STM32MP211FAL3, STM32MP211FAM3, STM32MP211FAN3, STM32MP211FAO3, STM32MP213AAL3, STM32MP213AAM3, STM32MP213AAN3, STM32MP213AAO3, STM32MP213CAL3, STM32MP213CAM3, STM32MP213CAN3, STM32MP213CAO3, STM32MP213DAL3, STM32MP213DAM3, STM32MP213DAN3, STM32MP213DAO3, STM32MP213FAL3, STM32MP213FAM3, STM32MP213FAN3, STM32MP213FAO3, STM32MP215AAL3, STM32MP215AAM3, STM32MP215AAN3, STM32MP215AAO3, STM32MP215CAL3, STM32MP215CAM3, STM32MP215CAN3, STM32MP215CAO3, STM32MP215DAL3, STM32MP215DAM3, STM32MP215DAN3, STM32MP215DAO3, STM32MP215F-DK, STM32MP215FAL3, STM32MP215FAM3, STM32MP215FAN3, STM32MP215FAO3, STM32MP231AAJ3, STM32MP231AAK3, STM32MP231AAL3, STM32MP231CAJ3, STM32MP231CAK3, STM32MP231CAL3, STM32MP231DAJ3, STM32MP231DAK3, STM32MP231DAL3, STM32MP231FAJ3, STM32MP231FAK3, STM32MP231FAL3, STM32MP233AAJ3, STM32MP233AAK3, STM32MP233AAL3, STM32MP233CAJ3, STM32MP233CAK3, STM32MP233CAL3, STM32MP233DAJ3, STM32MP233DAK3, STM32MP233DAL3, STM32MP233FAJ3, STM32MP233FAK3, STM32MP233FAL3, STM32MP235AAJ3, STM32MP235AAK3, STM32MP235AAL3, STM32MP235CAJ3, STM32MP235CAK3, STM32MP235CAL3, STM32MP235DAJ3, STM32MP235DAK3, STM32MP235DAL3, STM32MP235FAJ3, STM32MP235FAK3, STM32MP235FAL3, STM32MP251AAI3, STM32MP251AAK3, STM32MP251AAL3, STM32MP251CAI3, STM32MP251CAK3, STM32MP251CAL3, STM32MP251DAI3, STM32MP251DAK3, STM32MP251DAL3, STM32MP251FAI3, STM32MP251FAK3, STM32MP251FAL3, STM32MP253AAI3, STM32MP253AAK3, STM32MP253AAL3, STM32MP253CAI3, STM32MP253CAK3, STM32MP253CAL3, STM32MP253DAI3, STM32MP253DAK3, STM32MP253DAL3, STM32MP253FAI3, STM32MP253FAK3, STM32MP253FAL3, STM32MP255AAI3, STM32MP255AAK3, STM32MP255AAL3, STM32MP255CAI3, STM32MP255CAK3, STM32MP255CAL3, STM32MP255DAI3, STM32MP255DAK3, STM32MP255DAL3, STM32MP255FAI3, STM32MP255FAK3, STM32MP255FAL3, STM32MP257AAI3, STM32MP257AAK3, STM32MP257AAL3, STM32MP257CAI3, STM32MP257CAK3, STM32MP257CAL3, STM32MP257DAI3, STM32MP257DAK3, STM32MP257DAL3, STM32MP257F-DK, STM32MP257F-EV1, STM32MP257FAI3, STM32MP257FAK3, STM32MP257FAL3, STM32N645A0H3Q, STM32N645B0H3Q, STM32N645I0H3Q, STM32N645L0H3Q, STM32N645X0H3Q, STM32N645Z0H3Q, STM32N647A0H3Q, STM32N647B0H3Q, STM32N647I0H3Q, STM32N647L0H3Q, STM32N647X0H3Q, STM32N647Z0H3Q, STM32N655A0H3Q, STM32N655B0H3Q, STM32N655I0H3Q, STM32N655L0H3Q, STM32N655X0H3Q, STM32N655Z0H3Q, STM32N6570-DK, STM32N657A0H3Q, STM32N657B0H3Q, STM32N657I0H3Q, STM32N657L0H3Q, STM32N657X0H3Q, STM32N657Z0H3Q, STM32U031C6T6, STM32U031C6U6, STM32U031C8T6, STM32U031C8U6, STM32U031F4P6, STM32U031F6P6, STM32U031F8P6, STM32U031G6Y6TR, STM32U031G8Y6TR, STM32U031K4U6, STM32U031K6U6, STM32U031K8U6, STM32U031R6I6, STM32U031R6T6, STM32U031R8I6, STM32U031R8T6, STM32U073C8T6, STM32U073C8U6, STM32U073CBT6, STM32U073CBU6, STM32U073CCT6, STM32U073CCU6, STM32U073H8Y6TR, STM32U073HBY6TR, STM32U073HCY6TR, STM32U073K8U6, STM32U073KBU6, STM32U073KCU6, STM32U073M8I6, STM32U073M8T6, STM32U073MBI6, STM32U073MBT6, STM32U073MCI6, STM32U073MCT6, STM32U073R8I6, STM32U073R8T6, STM32U073RBI6, STM32U073RBT6, STM32U073RCI6, STM32U073RCT6, STM32U083C-DK, STM32U083CCT6, STM32U083CCU6, STM32U083HCY6TR, STM32U083KCU6, STM32U083MCI6, STM32U083MCT6, STM32U083RCI6, STM32U083RCT6, STM32U375CET6, STM32U375CET6Q, STM32U375CEU6, STM32U375CEU6Q, STM32U375CEY6QTR, STM32U375CGT6, STM32U375CGT6Q, STM32U375CGU6, STM32U375CGU6Q, STM32U375CGY6QTR, STM32U375KEU6, STM32U375KGU6, STM32U375REI6, STM32U375REI6Q, STM32U375RET6, STM32U375RET6Q, STM32U375REY6GTR, STM32U375REY6QTR, STM32U375RGI6, STM32U375RGI6Q, STM32U375RGT6, STM32U375RGT6Q, STM32U375RGY6GTR, STM32U375RGY6QTR, STM32U375VEI6, STM32U375VEI6Q, STM32U375VET6, STM32U375VET6Q, STM32U375VGI6, STM32U375VGI6Q, STM32U375VGT6, STM32U375VGT6Q, STM32U385CGT6, STM32U385CGT6Q, STM32U385CGU6, STM32U385CGU6Q, STM32U385CGY6QTR, STM32U385KGU6, STM32U385RGI6, STM32U385RGI6Q, STM32U385RGT6, STM32U385RGT6Q, STM32U385RGY6GTR, STM32U385RGY6QTR, STM32U385VGI6, STM32U385VGI6Q, STM32U385VGT6, STM32U385VGT6Q, STM32U535CBT6, STM32U535CBT6Q, STM32U535CBU6, STM32U535CBU6Q, STM32U535CCT6, STM32U535CCT6Q, STM32U535CCU6, STM32U535CCU6Q, STM32U535CET6, STM32U535CET6Q, STM32U535CEU6, STM32U535CEU6Q, STM32U535JEY6QTR, STM32U535NCY6QTR, STM32U535NEY6QTR, STM32U535RBI6, STM32U535RBI6Q, STM32U535RBT6, STM32U535RBT6Q, STM32U535RCI6, STM32U535RCI6Q, STM32U535RCT6, STM32U535RCT6Q, STM32U535REI6, STM32U535REI6Q, STM32U535RET6, STM32U535RET6Q, STM32U535VCI6, STM32U535VCI6Q, STM32U535VCT6, STM32U535VCT6Q, STM32U535VEI6, STM32U535VEI6Q, STM32U535VET6, STM32U535VET6Q, STM32U545CET6, STM32U545CET6Q, STM32U545CEU6, STM32U545CEU6Q, STM32U545JEY6QTR, STM32U545NEY6QTR, STM32U545REI6, STM32U545REI6Q, STM32U545RET6, STM32U545RET6Q, STM32U545VEI6, STM32U545VEI6Q, STM32U545VET6, STM32U545VET6Q, STM32U595AIH6, STM32U595AIH6Q, STM32U595AJH6, STM32U595AJH6Q, STM32U595QII6, STM32U595QII6Q, STM32U595QJI6, STM32U595QJI6Q, STM32U595RIT6, STM32U595RIT6Q, STM32U595RJT6, STM32U595RJT6Q, STM32U595VIT6, STM32U595VIT6Q, STM32U595VJT6, STM32U595VJT6Q, STM32U595ZIT6, STM32U595ZIT6Q, STM32U595ZIY6QTR, STM32U595ZJT6, STM32U595ZJT6Q, STM32U595ZJY6QTR, STM32U599BJY6QTR, STM32U599NIH6Q, STM32U599NJH6Q, STM32U599VIT6Q, STM32U599VJT6, STM32U599VJT6Q, STM32U599ZIT6Q, STM32U599ZIY6QTR, STM32U599ZJT6Q, STM32U599ZJY6QTR, STM32U5A5AJH6, STM32U5A5AJH6Q, STM32U5A5QII3Q , STM32U5A5QJI6, STM32U5A5QJI6Q, STM32U5A5RJT6, STM32U5A5RJT6Q, STM32U5A5VJT6, STM32U5A5VJT6Q, STM32U5A5ZJT6, STM32U5A5ZJT6Q, STM32U5A5ZJY6QTR, STM32U5A9BJY6QTR, STM32U5A9J-DK, STM32U5A9NJH6Q, STM32U5A9VJT6Q, STM32U5A9ZJT6Q, STM32U5A9ZJY6QTR, STM32U5F7VIT6, STM32U5F7VIT6Q, STM32U5F7VJT6, STM32U5F7VJT6Q, STM32U5F9BJY6QTR, STM32U5F9NJH6Q, STM32U5F9VIT6Q, STM32U5F9VJT6Q, STM32U5F9ZIJ6QTR, STM32U5F9ZIT6Q, STM32U5F9ZJJ6QTR, STM32U5F9ZJT6Q, STM32U5G7VJT6, STM32U5G7VJT6Q, STM32U5G9BJY6QTR, STM32U5G9J-DK1, STM32U5G9J-DK2, STM32U5G9NJH6Q, STM32U5G9VJT6Q, STM32U5G9ZJJ6QTR, STM32U5G9ZJT6Q, STM32WB05KZV6TR, STM32WB05KZV7TR, STM32WB05TZF6TR, STM32WB05TZF7TR, STM32WB06CCF6TR, STM32WB06CCF7TR, STM32WB06CCV6TR, STM32WB06CCV7TR, STM32WB06KCV6TR, STM32WB06KCV7TR, STM32WB07CCF6TR, STM32WB07CCF7TR, STM32WB07CCV6TR, STM32WB07CCV7TR, STM32WB07KCV6TR, STM32WB07KCV7TR, STM32WB09KEV6TR, STM32WB09KEV7TR, STM32WB09TEF6TR, STM32WB09TEF7TR, STM32WB1MMCH6, STM32WBA50KGU6, STM32WBA50KGU6TR, STM32WBA52CEU6, STM32WBA52CEU6TR, STM32WBA52CEU7, STM32WBA52CEU7TR, STM32WBA52CGU6, STM32WBA52CGU6TR, STM32WBA52CGU6U, STM32WBA52CGU7, STM32WBA52CGU7TR, STM32WBA52KEU6, STM32WBA52KEU6TR, STM32WBA52KGU6, STM32WBA52KGU6TR, STM32WBA54CEU6, STM32WBA54CEU6TR, STM32WBA54CEU7, STM32WBA54CEU7TR, STM32WBA54CGU6, STM32WBA54CGU6TR, STM32WBA54CGU7, STM32WBA54CGU7TR, STM32WBA54KEU6, STM32WBA54KEU6TR, STM32WBA54KEU7, STM32WBA54KEU7TR, STM32WBA54KGU6, STM32WBA54KGU6TR, STM32WBA54KGU7, STM32WBA54KGU7TR, STM32WBA55CEU6, STM32WBA55CEU6TR, STM32WBA55CEU7, STM32WBA55CEU7TR, STM32WBA55CGU6, STM32WBA55CGU6TR, STM32WBA55CGU6U, STM32WBA55CGU7, STM32WBA55CGU7TR, STM32WBA55G-DK1, STM32WBA55HEF6, STM32WBA55HEF7, STM32WBA55HGF6, STM32WBA55HGF7, STM32WBA55UEI6, STM32WBA55UEI6TR, STM32WBA55UEI7, STM32WBA55UEI7TR, STM32WBA55UGI6, STM32WBA55UGI6TR, STM32WBA55UGI7, STM32WBA55UGI7TR, STM32WBA5MMGH6TR, STM32WBA62MGF6, STM32WBA62MIF6, STM32WBA65MGF7, STM32WBA65MIF6, STM32WBA65MIF7, STM32WL30K8V6, STM32WL30KBV6, STM32WL31C8V6, STM32WL31CBV6, STM32WL31K8V6, STM32WL31KBV6, STM32WL33C8V6, STM32WL33C8V6X, STM32WL33CBV6, STM32WL33CBV6X, STM32WL33CCV6, STM32WL33CCV6A, STM32WL33CCV6X, STM32WL33K8V7, STM32WL33K8V7X, STM32WL33KBV7 , STM32WL33KBV7X, STM32WL33KCV7, STM32WL33KCV7X, STM32WL5MOCH6, STM32WL5MOCH6TR]
2025-11-02 22:30:30,811 [INFO] BoardInfo:889 - No configuration file found for board P-NUCLEO-WB55
2025-11-02 22:30:30,812 [INFO] DbBoards:161 - Kit is not supported: P-NUCLEO-WB55
2025-11-02 22:30:30,816 [INFO] BoardInfo:889 - No configuration file found for board STEVAL-BFA001V1B
2025-11-02 22:30:30,817 [INFO] DbBoards:161 - Kit is not supported: STEVAL-BFA001V1B
2025-11-02 22:30:30,818 [INFO] BoardInfo:889 - No configuration file found for board STEVAL-BFA001V2B
2025-11-02 22:30:30,818 [INFO] DbBoards:161 - Kit is not supported: STEVAL-BFA001V2B
2025-11-02 22:30:30,948 [INFO] DbBoards:168 - Found 212 boards, 209 are supported
2025-11-02 22:30:30,948 [INFO] DbBoards:169 - Found 212 boards, 43 of them is supported for  Bsp
2025-11-02 22:30:30,953 [INFO] ApiDb:668 - CubeFinder database Data Model version=2.1
2025-11-02 22:30:30,953 [INFO] ApiDb:669 - CubeFinder database Configuration version=3.0.39
2025-11-02 22:30:30,953 [INFO] ApiDb:670 - CubeFinder database generation date=2025-08-25 (1756130511)
2025-11-02 22:30:30,953 [INFO] ApiDb:671 - CubeFinder database FW Pack versions=[FP-ATR-ASTRA1_V2.0.0, FP-SNS-FLIGHT1_V5.1.0, FP-SNS-MOTENV1_V5.0.0, FP-SNS-MOTENVWB1_V1.4.0, FP-SNS-SMARTAG2_V1.2.0, FP-SNS-STBOX1_V2.1.0, STM32Cube_FW_C0_V1.4.0, STM32Cube_FW_F4_V1.28.3, STM32Cube_FW_F7_V1.17.4, STM32Cube_FW_G0_V1.6.2, STM32Cube_FW_G4_V1.6.1, STM32Cube_FW_H5_V1.5.0, STM32Cube_FW_H7RS_V1.2.0, STM32Cube_FW_H7_V1.12.1, STM32Cube_FW_L0_V1.12.2, STM32Cube_FW_L4_V1.18.1, STM32Cube_FW_L5_V1.5.1, STM32Cube_FW_N6_V1.2.0, STM32Cube_FW_U0_V1.3.0, STM32Cube_FW_U3_V1.2.0, STM32Cube_FW_U5_V1.8.0, STM32Cube_FW_WB0_V1.3.0, STM32Cube_FW_WBA_V1.7.0, STM32Cube_FW_WB_V1.23.0, STM32Cube_FW_WL3_V1.2.0, STM32Cube_FW_WL_V1.3.1, X-CUBE-ALGOBUILD_V1.4.0, X-CUBE-ALS_V1.0.2, X-CUBE-AZRTOS-F4_V1.1.0, X-CUBE-AZRTOS-F7_V1.1.0, X-CUBE-AZRTOS-G0_V1.1.0, X-CUBE-AZRTOS-G4_V2.0.0, X-CUBE-AZRTOS-H7RS_V1.1.0, X-CUBE-AZRTOS-H7_V3.4.0, X-CUBE-AZRTOS-L4_V2.0.0, X-CUBE-AZRTOS-L5_V2.0.0, X-CUBE-AZRTOS-WB_V2.0.0, X-CUBE-AZRTOS-WL_V2.0.0, X-CUBE-BLE1_V7.1.0, X-CUBE-BLE2_V3.3.0, X-CUBE-BLEMGR_V4.1.0, X-CUBE-EEPRMA1_V5.2.0, X-CUBE-FREERTOS_V1.3.1, X-CUBE-GNSS1_V6.0.0, X-CUBE-MEMS1_V11.3.0, X-CUBE-NFC4_V3.0.0, X-CUBE-NFC7_V2.0.0, X-CUBE-SFXS2LP1_V4.0.0, X-CUBE-ST67W61_V1.0.0, X-CUBE-SUBG2_V5.0.0, X-CUBE-TOF1_V3.4.3]
2025-11-02 22:30:32,379 [INFO] ApiDb:240 - Found 880 in-development CPN: [B-G473E-ZEST1S, B-WB1M-WPAN1, B-WBA5M-WPAN, B-WL5M-SUBG1, NUCLEO-C031C6, NUCLEO-C051C8, NUCLEO-C071RB, NUCLEO-C092RC, NUCLEO-H503RB, NUCLEO-H533RE, NUCLEO-H563ZI, NUCLEO-H7S3L8, NUCLEO-N657X0-Q, NUCLEO-U031R8, NUCLEO-U083RC, NUCLEO-U385RG-Q, NUCLEO-U545RE-Q, NUCLEO-U5A5ZJ-Q, NUCLEO-WB05KZ, NUCLEO-WB07CC, NUCLEO-WB09KE, NUCLEO-WBA52CG, NUCLEO-WBA55CG, NUCLEO-WL33CC1, NUCLEO-WL33CC2, STEVAL-PROTEUS1, STEVAL-SMARTAG2, STEVAL-STWINBX1, STM320518-EVAL, STM32C0116-DK, STM32C011D6Y3TR, STM32C011D6Y6TR, STM32C011F4P3, STM32C011F4P6, STM32C011F4U3, STM32C011F4U6TR, STM32C011F6P3, STM32C011F6P6, STM32C011F6U3, STM32C011F6U6TR, STM32C011J4M3, STM32C011J4M6, STM32C011J6M3, STM32C011J6M6, STM32C0316-DK, STM32C031C4T3, STM32C031C4T6, STM32C031C4U3, STM32C031C4U6, STM32C031C6T3, STM32C031C6T6, STM32C031C6U3, STM32C031C6U6, STM32C031F4P3, STM32C031F4P6, STM32C031F6P3, STM32C031F6P6, STM32C031G4U3, STM32C031G4U6, STM32C031G6U3, STM32C031G6U6, STM32C031K4T3, STM32C031K4T6, STM32C031K4U3, STM32C031K4U6, STM32C031K6T3, STM32C031K6T6, STM32C031K6U3, STM32C031K6U6, STM32C051C6T6, STM32C051C6U6, STM32C051C8T6, STM32C051C8U6, STM32C051D8Y6TR, STM32C051F6P6, STM32C051F8P6, STM32C051G6U6, STM32C051G8U6, STM32C051K6T6, STM32C051K6U6, STM32C051K8T6, STM32C071C8T6, STM32C071C8T6N, STM32C071C8U6, STM32C071C8U6N, STM32C071CBT6, STM32C071CBT6N, STM32C071CBU6, STM32C071CBU6N, STM32C071F8P6, STM32C071F8P6N, STM32C071FBP6, STM32C071FBP6N, STM32C071FBY6TR, STM32C071G8U6, STM32C071G8U6N, STM32C071GBU6, STM32C071GBU6N, STM32C071K8T6, STM32C071K8T6N, STM32C071K8U6, STM32C071K8U6N, STM32C071KBT6, STM32C071KBT6N, STM32C071KBU6, STM32C071KBU6N, STM32C071R8T6, STM32C071R8T6N, STM32C071RBI6N, STM32C071RBT6, STM32C071RBT6N, STM32C091CBT6, STM32C091CBU6, STM32C091CCT6, STM32C091CCU6, STM32C091ECY6TR, STM32C091FBP6, STM32C091FCP6, STM32C091GBU6, STM32C091GCU6, STM32C091KBT6, STM32C091KBU6, STM32C091KCT6, STM32C091KCU6, STM32C091RBT6, STM32C091RCI6, STM32C091RCT6, STM32C092CBT6, STM32C092CBU6, STM32C092CCT6, STM32C092CCU6, STM32C092ECY6TR, STM32C092FBP6, STM32C092FCP6, STM32C092GBU6, STM32C092GCU6, STM32C092KBT6, STM32C092KBU6, STM32C092KCT6, STM32C092KCU6, STM32C092RBT6, STM32C092RCI6, STM32C092RCT6, STM32G071K8TXN, STM32G071K8UXN, STM32G081GBU6N, STM32G081KBT6N, STM32G081KBUXN, STM32G0B1CCT6N, STM32G0B1KCT6, STM32G0B1NEY6TR, STM32G0B1RCT6N, STM32G0C1CCT6, STM32G0C1CCT6N, STM32G0C1CCU6N, STM32G0C1CET6N, STM32G0C1CEU6N, STM32G0C1KCT6, STM32G0C1NEY6TR, STM32G0C1RCI6N, STM32G0C1RCT6N, STM32G0C1REI6N, STM32G0C1RET6N, STM32G0C1VCI6, STM32G0C1VEI6, STM32G411C6T3, STM32G411C6T6, STM32G411C6U3, STM32G411C6U6, STM32G411C8T3, STM32G411C8T6, STM32G411C8U3, STM32G411C8U6, STM32G411CBT3, STM32G411CBT6, STM32G411CBU3, STM32G411CBU6, STM32G411K6T3, STM32G411K6T6, STM32G411K6U3, STM32G411K6U6, STM32G411K8T3, STM32G411K8T6, STM32G411K8U3, STM32G411K8U6, STM32G411KBT3, STM32G411KBT6, STM32G411KBU3, STM32G411KBU6, STM32G411M6T3, STM32G411M6T6, STM32G411M8T3, STM32G411M8T6, STM32G411MBT3, STM32G411MBT6, STM32G411R6T3, STM32G411R6T6, STM32G411R8T3, STM32G411R8T6, STM32G411RBT3, STM32G411RBT6, STM32G414CBT3, STM32G414CBT6, STM32G414CBU3, STM32G414CBU6, STM32G414CCT3, STM32G414CCT6, STM32G414CCU3, STM32G414CCU6, STM32G414MBT3, STM32G414MBT6, STM32G414MCT3, STM32G414MCT6, STM32G414RBT3, STM32G414RBT6, STM32G414RCT3, STM32G414RCT6, STM32G414VBT3, STM32G414VBT6, STM32G414VCT3, STM32G414VCT6, STM32G431CBT3Z, STM32G431RBT3Z, STM32G471CCT6, STM32G471CCU6, STM32G471CET3, STM32G471CET6, STM32G471CEU3, STM32G471CEU6, STM32G471MCT6, STM32G471MET3, STM32G471MET6, STM32G471MEY6TR, STM32G471QCT6, STM32G471QET3, STM32G471RCT6, STM32G471RET3, STM32G471RET6, STM32G471VCH6, STM32G471VCI6, STM32G471VCT6, STM32G471VEH3, STM32G471VEH6, STM32G471VEI3, STM32G471VEI6, STM32G471VET3, STM32G471VET6, STM32G473QET3Z, STM32G473RET3Z, STM32G474CCT6, STM32G491RET3Z, STM32H503CBT6, STM32H503CBU6, STM32H503EBY6TR, STM32H503KBU6, STM32H503RBT6, STM32H523CCT6, STM32H523CCU6, STM32H523CET6, STM32H523CEU6, STM32H523HEY6TR, STM32H523RCT6, STM32H523RET6, STM32H523VCI6, STM32H523VCT6, STM32H523VEI6, STM32H523VET6, STM32H523ZCJ6, STM32H523ZCT6, STM32H523ZEJ6, STM32H523ZET6, STM32H533CET6, STM32H533CEU6, STM32H533HEY6TR, STM32H533RET6, STM32H533VEI6, STM32H533VET6, STM32H533ZEJ6, STM32H533ZET6, STM32H562AGI6, STM32H562AII6, STM32H562IGK6, STM32H562IGT6, STM32H562IIK6, STM32H562IIT6, STM32H562RGT6, STM32H562RGV6, STM32H562RIT6, STM32H562RIV6, STM32H562VGT6, STM32H562VIT6, STM32H562ZGT6, STM32H562ZIT6, STM32H563AGI6, STM32H563AII3Q, STM32H563AII6, STM32H563IGK6, STM32H563IGT6, STM32H563IIK3Q, STM32H563IIK6, STM32H563IIT3Q, STM32H563IIT6, STM32H563MIY3QTR, STM32H563RGT6, STM32H563RGV6, STM32H563RIT6, STM32H563RIV6, STM32H563VGT6, STM32H563VIT3Q, STM32H563VIT6, STM32H563ZGT6, STM32H563ZIT3Q, STM32H563ZIT6, STM32H573AII3Q, STM32H573AII6, STM32H573I-DK, STM32H573IIK3Q, STM32H573IIK6, STM32H573IIT3Q, STM32H573IIT6, STM32H573MIY3QTR, STM32H573RIT6, STM32H573RIV6, STM32H573VIT3Q, STM32H573VIT6, STM32H573ZIT3Q, STM32H573ZIT6, STM32H7R3A8I6, STM32H7R3I8K6, STM32H7R3I8T6, STM32H7R3L8H6, STM32H7R3L8H6H, STM32H7R3R8V6, STM32H7R3V8H6, STM32H7R3V8T6, STM32H7R3V8Y6TR, STM32H7R3Z8J6, STM32H7R3Z8T6, STM32H7R7A8I6, STM32H7R7I8K6, STM32H7R7I8T6, STM32H7R7L8H6, STM32H7R7L8H6H, STM32H7R7Z8J6, STM32H7S3A8I6, STM32H7S3I8K6, STM32H7S3I8T6, STM32H7S3L8H6, STM32H7S3L8H6H, STM32H7S3R8V6, STM32H7S3V8H6, STM32H7S3V8T6, STM32H7S3V8Y6TR, STM32H7S3Z8J6, STM32H7S3Z8T6, STM32H7S78-DK, STM32H7S7A8I6, STM32H7S7I8K6, STM32H7S7I8T6, STM32H7S7L8H6, STM32H7S7L8H6H, STM32H7S7Z8J6, STM32L4R5QGI6STR, STM32MP131AAE3, STM32MP131AAF3, STM32MP131AAG3, STM32MP131CAE3, STM32MP131CAF3, STM32MP131CAG3, STM32MP131DAE7, STM32MP131DAF7, STM32MP131DAG7, STM32MP131FAE7, STM32MP131FAF7, STM32MP131FAG7, STM32MP133AAE3, STM32MP133AAF3, STM32MP133AAG3, STM32MP133CAE3, STM32MP133CAF3, STM32MP133CAG3, STM32MP133DAE7, STM32MP133DAF7, STM32MP133DAG7, STM32MP133FAE7, STM32MP133FAF7, STM32MP133FAG7, STM32MP135AAE3, STM32MP135AAF3, STM32MP135AAG3, STM32MP135CAE3, STM32MP135CAF3, STM32MP135CAG3, STM32MP135DAE7, STM32MP135DAF7, STM32MP135DAG7, STM32MP135F-DK, STM32MP135FAE7, STM32MP135FAF7, STM32MP135FAF7T, STM32MP135FAF7U, STM32MP135FAG7, STM32MP211AAL3, STM32MP211AAM3, STM32MP211AAN3, STM32MP211AAO3, STM32MP211CAL3, STM32MP211CAM3, STM32MP211CAN3, STM32MP211CAO3, STM32MP211DAL3, STM32MP211DAM3, STM32MP211DAN3, STM32MP211DAO3, STM32MP211FAL3, STM32MP211FAM3, STM32MP211FAN3, STM32MP211FAO3, STM32MP213AAL3, STM32MP213AAM3, STM32MP213AAN3, STM32MP213AAO3, STM32MP213CAL3, STM32MP213CAM3, STM32MP213CAN3, STM32MP213CAO3, STM32MP213DAL3, STM32MP213DAM3, STM32MP213DAN3, STM32MP213DAO3, STM32MP213FAL3, STM32MP213FAM3, STM32MP213FAN3, STM32MP213FAO3, STM32MP215AAL3, STM32MP215AAM3, STM32MP215AAN3, STM32MP215AAO3, STM32MP215CAL3, STM32MP215CAM3, STM32MP215CAN3, STM32MP215CAO3, STM32MP215DAL3, STM32MP215DAM3, STM32MP215DAN3, STM32MP215DAO3, STM32MP215F-DK, STM32MP215FAL3, STM32MP215FAM3, STM32MP215FAN3, STM32MP215FAO3, STM32MP231AAJ3, STM32MP231AAK3, STM32MP231AAL3, STM32MP231CAJ3, STM32MP231CAK3, STM32MP231CAL3, STM32MP231DAJ3, STM32MP231DAK3, STM32MP231DAL3, STM32MP231FAJ3, STM32MP231FAK3, STM32MP231FAL3, STM32MP233AAJ3, STM32MP233AAK3, STM32MP233AAL3, STM32MP233CAJ3, STM32MP233CAK3, STM32MP233CAL3, STM32MP233DAJ3, STM32MP233DAK3, STM32MP233DAL3, STM32MP233FAJ3, STM32MP233FAK3, STM32MP233FAL3, STM32MP235AAJ3, STM32MP235AAK3, STM32MP235AAL3, STM32MP235CAJ3, STM32MP235CAK3, STM32MP235CAL3, STM32MP235DAJ3, STM32MP235DAK3, STM32MP235DAL3, STM32MP235FAJ3, STM32MP235FAK3, STM32MP235FAL3, STM32MP251AAI3, STM32MP251AAK3, STM32MP251AAL3, STM32MP251CAI3, STM32MP251CAK3, STM32MP251CAL3, STM32MP251DAI3, STM32MP251DAK3, STM32MP251DAL3, STM32MP251FAI3, STM32MP251FAK3, STM32MP251FAL3, STM32MP253AAI3, STM32MP253AAK3, STM32MP253AAL3, STM32MP253CAI3, STM32MP253CAK3, STM32MP253CAL3, STM32MP253DAI3, STM32MP253DAK3, STM32MP253DAL3, STM32MP253FAI3, STM32MP253FAK3, STM32MP253FAL3, STM32MP255AAI3, STM32MP255AAK3, STM32MP255AAL3, STM32MP255CAI3, STM32MP255CAK3, STM32MP255CAL3, STM32MP255DAI3, STM32MP255DAK3, STM32MP255DAL3, STM32MP255FAI3, STM32MP255FAK3, STM32MP255FAL3, STM32MP257AAI3, STM32MP257AAK3, STM32MP257AAL3, STM32MP257CAI3, STM32MP257CAK3, STM32MP257CAL3, STM32MP257DAI3, STM32MP257DAK3, STM32MP257DAL3, STM32MP257F-DK, STM32MP257F-EV1, STM32MP257FAI3, STM32MP257FAK3, STM32MP257FAL3, STM32N645A0H3Q, STM32N645B0H3Q, STM32N645I0H3Q, STM32N645L0H3Q, STM32N645X0H3Q, STM32N645Z0H3Q, STM32N647A0H3Q, STM32N647B0H3Q, STM32N647I0H3Q, STM32N647L0H3Q, STM32N647X0H3Q, STM32N647Z0H3Q, STM32N655A0H3Q, STM32N655B0H3Q, STM32N655I0H3Q, STM32N655L0H3Q, STM32N655X0H3Q, STM32N655Z0H3Q, STM32N6570-DK, STM32N657A0H3Q, STM32N657B0H3Q, STM32N657I0H3Q, STM32N657L0H3Q, STM32N657X0H3Q, STM32N657Z0H3Q, STM32U031C6T6, STM32U031C6U6, STM32U031C8T6, STM32U031C8U6, STM32U031F4P6, STM32U031F6P6, STM32U031F8P6, STM32U031G6Y6TR, STM32U031G8Y6TR, STM32U031K4U6, STM32U031K6U6, STM32U031K8U6, STM32U031R6I6, STM32U031R6T6, STM32U031R8I6, STM32U031R8T6, STM32U073C8T6, STM32U073C8U6, STM32U073CBT6, STM32U073CBU6, STM32U073CCT6, STM32U073CCU6, STM32U073H8Y6TR, STM32U073HBY6TR, STM32U073HCY6TR, STM32U073K8U6, STM32U073KBU6, STM32U073KCU6, STM32U073M8I6, STM32U073M8T6, STM32U073MBI6, STM32U073MBT6, STM32U073MCI6, STM32U073MCT6, STM32U073R8I6, STM32U073R8T6, STM32U073RBI6, STM32U073RBT6, STM32U073RCI6, STM32U073RCT6, STM32U083C-DK, STM32U083CCT6, STM32U083CCU6, STM32U083HCY6TR, STM32U083KCU6, STM32U083MCI6, STM32U083MCT6, STM32U083RCI6, STM32U083RCT6, STM32U375CET6, STM32U375CET6Q, STM32U375CEU6, STM32U375CEU6Q, STM32U375CEY6QTR, STM32U375CGT6, STM32U375CGT6Q, STM32U375CGU6, STM32U375CGU6Q, STM32U375CGY6QTR, STM32U375KEU6, STM32U375KGU6, STM32U375REI6, STM32U375REI6Q, STM32U375RET6, STM32U375RET6Q, STM32U375REY6GTR, STM32U375REY6QTR, STM32U375RGI6, STM32U375RGI6Q, STM32U375RGT6, STM32U375RGT6Q, STM32U375RGY6GTR, STM32U375RGY6QTR, STM32U375VEI6, STM32U375VEI6Q, STM32U375VET6, STM32U375VET6Q, STM32U375VGI6, STM32U375VGI6Q, STM32U375VGT6, STM32U375VGT6Q, STM32U385CGT6, STM32U385CGT6Q, STM32U385CGU6, STM32U385CGU6Q, STM32U385CGY6QTR, STM32U385KGU6, STM32U385RGI6, STM32U385RGI6Q, STM32U385RGT6, STM32U385RGT6Q, STM32U385RGY6GTR, STM32U385RGY6QTR, STM32U385VGI6, STM32U385VGI6Q, STM32U385VGT6, STM32U385VGT6Q, STM32U535CBT6, STM32U535CBT6Q, STM32U535CBU6, STM32U535CBU6Q, STM32U535CCT6, STM32U535CCT6Q, STM32U535CCU6, STM32U535CCU6Q, STM32U535CET6, STM32U535CET6Q, STM32U535CEU6, STM32U535CEU6Q, STM32U535JEY6QTR, STM32U535NCY6QTR, STM32U535NEY6QTR, STM32U535RBI6, STM32U535RBI6Q, STM32U535RBT6, STM32U535RBT6Q, STM32U535RCI6, STM32U535RCI6Q, STM32U535RCT6, STM32U535RCT6Q, STM32U535REI6, STM32U535REI6Q, STM32U535RET6, STM32U535RET6Q, STM32U535VCI6, STM32U535VCI6Q, STM32U535VCT6, STM32U535VCT6Q, STM32U535VEI6, STM32U535VEI6Q, STM32U535VET6, STM32U535VET6Q, STM32U545CET6, STM32U545CET6Q, STM32U545CEU6, STM32U545CEU6Q, STM32U545JEY6QTR, STM32U545NEY6QTR, STM32U545REI6, STM32U545REI6Q, STM32U545RET6, STM32U545RET6Q, STM32U545VEI6, STM32U545VEI6Q, STM32U545VET6, STM32U545VET6Q, STM32U595AIH6, STM32U595AIH6Q, STM32U595AJH6, STM32U595AJH6Q, STM32U595QII6, STM32U595QII6Q, STM32U595QJI6, STM32U595QJI6Q, STM32U595RIT6, STM32U595RIT6Q, STM32U595RJT6, STM32U595RJT6Q, STM32U595VIT6, STM32U595VIT6Q, STM32U595VJT6, STM32U595VJT6Q, STM32U595ZIT6, STM32U595ZIT6Q, STM32U595ZIY6QTR, STM32U595ZJT6, STM32U595ZJT6Q, STM32U595ZJY6QTR, STM32U599BJY6QTR, STM32U599NIH6Q, STM32U599NJH6Q, STM32U599VIT6Q, STM32U599VJT6, STM32U599VJT6Q, STM32U599ZIT6Q, STM32U599ZIY6QTR, STM32U599ZJT6Q, STM32U599ZJY6QTR, STM32U5A5AJH6, STM32U5A5AJH6Q, STM32U5A5QII3Q , STM32U5A5QJI6, STM32U5A5QJI6Q, STM32U5A5RJT6, STM32U5A5RJT6Q, STM32U5A5VJT6, STM32U5A5VJT6Q, STM32U5A5ZJT6, STM32U5A5ZJT6Q, STM32U5A5ZJY6QTR, STM32U5A9BJY6QTR, STM32U5A9J-DK, STM32U5A9NJH6Q, STM32U5A9VJT6Q, STM32U5A9ZJT6Q, STM32U5A9ZJY6QTR, STM32U5F7VIT6, STM32U5F7VIT6Q, STM32U5F7VJT6, STM32U5F7VJT6Q, STM32U5F9BJY6QTR, STM32U5F9NJH6Q, STM32U5F9VIT6Q, STM32U5F9VJT6Q, STM32U5F9ZIJ6QTR, STM32U5F9ZIT6Q, STM32U5F9ZJJ6QTR, STM32U5F9ZJT6Q, STM32U5G7VJT6, STM32U5G7VJT6Q, STM32U5G9BJY6QTR, STM32U5G9J-DK1, STM32U5G9J-DK2, STM32U5G9NJH6Q, STM32U5G9VJT6Q, STM32U5G9ZJJ6QTR, STM32U5G9ZJT6Q, STM32WB05KZV6TR, STM32WB05KZV7TR, STM32WB05TZF6TR, STM32WB05TZF7TR, STM32WB06CCF6TR, STM32WB06CCF7TR, STM32WB06CCV6TR, STM32WB06CCV7TR, STM32WB06KCV6TR, STM32WB06KCV7TR, STM32WB07CCF6TR, STM32WB07CCF7TR, STM32WB07CCV6TR, STM32WB07CCV7TR, STM32WB07KCV6TR, STM32WB07KCV7TR, STM32WB09KEV6TR, STM32WB09KEV7TR, STM32WB09TEF6TR, STM32WB09TEF7TR, STM32WB1MMCH6, STM32WBA50KGU6, STM32WBA50KGU6TR, STM32WBA52CEU6, STM32WBA52CEU6TR, STM32WBA52CEU7, STM32WBA52CEU7TR, STM32WBA52CGU6, STM32WBA52CGU6TR, STM32WBA52CGU6U, STM32WBA52CGU7, STM32WBA52CGU7TR, STM32WBA52KEU6, STM32WBA52KEU6TR, STM32WBA52KGU6, STM32WBA52KGU6TR, STM32WBA54CEU6, STM32WBA54CEU6TR, STM32WBA54CEU7, STM32WBA54CEU7TR, STM32WBA54CGU6, STM32WBA54CGU6TR, STM32WBA54CGU7, STM32WBA54CGU7TR, STM32WBA54KEU6, STM32WBA54KEU6TR, STM32WBA54KEU7, STM32WBA54KEU7TR, STM32WBA54KGU6, STM32WBA54KGU6TR, STM32WBA54KGU7, STM32WBA54KGU7TR, STM32WBA55CEU6, STM32WBA55CEU6TR, STM32WBA55CEU7, STM32WBA55CEU7TR, STM32WBA55CGU6, STM32WBA55CGU6TR, STM32WBA55CGU6U, STM32WBA55CGU7, STM32WBA55CGU7TR, STM32WBA55G-DK1, STM32WBA55HEF6, STM32WBA55HEF7, STM32WBA55HGF6, STM32WBA55HGF7, STM32WBA55UEI6, STM32WBA55UEI6TR, STM32WBA55UEI7, STM32WBA55UEI7TR, STM32WBA55UGI6, STM32WBA55UGI6TR, STM32WBA55UGI7, STM32WBA55UGI7TR, STM32WBA5MMGH6TR, STM32WBA62MGF6, STM32WBA62MIF6, STM32WBA65MGF7, STM32WBA65MIF6, STM32WBA65MIF7, STM32WL30K8V6, STM32WL30KBV6, STM32WL31C8V6, STM32WL31CBV6, STM32WL31K8V6, STM32WL31KBV6, STM32WL33C8V6, STM32WL33C8V6X, STM32WL33CBV6, STM32WL33CBV6X, STM32WL33CCV6, STM32WL33CCV6A, STM32WL33CCV6X, STM32WL33K8V7, STM32WL33K8V7X, STM32WL33KBV7 , STM32WL33KBV7X, STM32WL33KCV7, STM32WL33KCV7X, STM32WL5MOCH6, STM32WL5MOCH6TR]
2025-11-02 22:30:32,394 [INFO] DbMcus:218 - Found 4801 MCUs, 4801 are supported
2025-11-02 22:30:32,396 [INFO] ApiDb:423 - Load user favorites file /Users/vladpetrenko/.stm32cubeide/favorites.mcus.txt: 0 item(s)
2025-11-02 22:30:32,396 [INFO] ApiDb:427 - User favorites MCUs=[]
2025-11-02 22:30:32,396 [INFO] DbMcus:224 - Set 0 / 0 favorites MCUs
2025-11-02 22:30:32,718 [INFO] ApiDb:423 - Load user favorites file /Users/vladpetrenko/.stm32cubeide/favorites.boards.txt: 0 item(s)
2025-11-02 22:30:32,718 [INFO] ApiDb:427 - User favorites Boards=[]
2025-11-02 22:30:32,719 [INFO] DbBoards:198 - Set 0 / 0 favorites Boards
2025-11-02 22:30:32,786 [INFO] UtilMem:75 - End LoadConfig() Used Memory: 559410728 Bytes (921698304)
2025-11-02 22:30:32,966 [WARN] ThirdParty:833 - waiting for thirdparty lock release [change project]
2025-11-02 22:30:32,969 [INFO] ThirdParty:835 - entering critical section [change project]
2025-11-02 22:30:32,970 [INFO] ThirdParty:1030 - CMSIS Pack Vendor :STMicroelectronics X-CUBE-PM33A1 1.0.0
2025-11-02 22:30:32,970 [INFO] ThirdParty:1030 - CMSIS Pack Vendor :STMicroelectronics USBPD 4.1
2025-11-02 22:30:32,970 [INFO] ThirdParty:1030 - CMSIS Pack Vendor :STMicroelectronics X-CUBE-AZRTOS-H7 3.3.0
2025-11-02 22:30:32,970 [INFO] ThirdParty:1030 - CMSIS Pack Vendor :STMicroelectronics X-CUBE-NFC9 1.0.0
2025-11-02 22:30:32,970 [INFO] ThirdParty:1030 - CMSIS Pack Vendor :wolfSSL I-CUBE-wolfSSL 5.8.0
2025-11-02 22:30:32,970 [INFO] ThirdParty:1030 - CMSIS Pack Vendor :STMicroelectronics USB_HOST 2.0.0
2025-11-02 22:30:32,970 [INFO] ThirdParty:1030 - CMSIS Pack Vendor :STMicroelectronics FP-SNS-MOTENVWB1 1.4.0
2025-11-02 22:30:32,970 [INFO] ThirdParty:1030 - CMSIS Pack Vendor :STMicroelectronics X-CUBE-AZRTOS-F4 1.1.0
2025-11-02 22:30:32,970 [INFO] ThirdParty:1030 - CMSIS Pack Vendor :STMicroelectronics LIBJPEG 8.0.0
2025-11-02 22:30:32,970 [INFO] ThirdParty:1030 - CMSIS Pack Vendor :STMicroelectronics FP-ATR-ASTRA1 2.0.2
2025-11-02 22:30:32,970 [INFO] ThirdParty:1030 - CMSIS Pack Vendor :STMicroelectronics X-CUBE-BLE1 7.1.0
2025-11-02 22:30:32,970 [INFO] ThirdParty:1030 - CMSIS Pack Vendor :Avnet-IotConnect X-CUBE-IoTC-DA16k-PMOD 1.0.0
2025-11-02 22:30:32,970 [INFO] ThirdParty:1030 - CMSIS Pack Vendor :STMicroelectronics X-CUBE-SMBUS 2.1.0
2025-11-02 22:30:32,970 [INFO] ThirdParty:1030 - CMSIS Pack Vendor :wolfSSL I-CUBE-wolfMQTT 1.19.2
2025-11-02 22:30:32,971 [INFO] ThirdParty:1030 - CMSIS Pack Vendor :STMicroelectronics USB_DEVICE 3.0.0
2025-11-02 22:30:32,971 [INFO] ThirdParty:1030 - CMSIS Pack Vendor :STMicroelectronics X-CUBE-ISPU 2.1.0
2025-11-02 22:30:32,971 [INFO] ThirdParty:1030 - CMSIS Pack Vendor :STMicroelectronics X-CUBE-EEPRMA1 5.2.0
2025-11-02 22:30:32,971 [INFO] ThirdParty:1030 - CMSIS Pack Vendor :STMicroelectronics X-CUBE-IPS 3.2.0
2025-11-02 22:30:32,971 [INFO] ThirdParty:1030 - CMSIS Pack Vendor :STMicroelectronics X-CUBE-BLEMGR 4.1.0
2025-11-02 22:30:32,971 [INFO] ThirdParty:1030 - CMSIS Pack Vendor :STMicroelectronics X-CUBE-AZRTOS-WB 2.0.0
2025-11-02 22:30:32,971 [INFO] ThirdParty:1030 - CMSIS Pack Vendor :STMicroelectronics X-CUBE-ST60 1.0.0
2025-11-02 22:30:32,971 [INFO] ThirdParty:1030 - CMSIS Pack Vendor :STMicroelectronics X-CUBE-GNSS1 7.0.1
2025-11-02 22:30:32,971 [INFO] ThirdParty:1030 - CMSIS Pack Vendor :STMicroelectronics X-CUBE-NFC12 1.0.0
2025-11-02 22:30:32,971 [INFO] ThirdParty:1030 - CMSIS Pack Vendor :STMicroelectronics X-CUBE-AZRTOS-F7 1.1.0
2025-11-02 22:30:32,971 [INFO] ThirdParty:1030 - CMSIS Pack Vendor :STMicroelectronics X-CUBE-AZRTOS-L5 2.0.0
2025-11-02 22:30:32,971 [INFO] ThirdParty:1030 - CMSIS Pack Vendor :STMicroelectronics X-CUBE-TOUCHGFX 4.25.0
2025-11-02 22:30:32,971 [INFO] ThirdParty:1030 - CMSIS Pack Vendor :STMicroelectronics USB_DEVICE 2.0.0
2025-11-02 22:30:32,971 [INFO] ThirdParty:1030 - CMSIS Pack Vendor :STMicroelectronics X-CUBE-NFC6 3.1.0
2025-11-02 22:30:32,971 [INFO] ThirdParty:1030 - CMSIS Pack Vendor :STMicroelectronics X-CUBE-ST67W61 1.1.0
2025-11-02 22:30:32,971 [INFO] ThirdParty:1030 - CMSIS Pack Vendor :STMicroelectronics X-CUBE-AI 10.1.0
2025-11-02 22:30:32,971 [INFO] ThirdParty:1030 - CMSIS Pack Vendor :STMicroelectronics FP-SNS-STBOX1 2.0.0
2025-11-02 22:30:32,971 [INFO] ThirdParty:1030 - CMSIS Pack Vendor :STMicroelectronics FP-SNS-MOTENV1 5.1.0
2025-11-02 22:30:32,971 [INFO] ThirdParty:1030 - CMSIS Pack Vendor :STMicroelectronics FreeRTOS 0.0.1
2025-11-02 22:30:32,971 [INFO] ThirdParty:1030 - CMSIS Pack Vendor :STMicroelectronics X-CUBE-AZRTOS-G0 1.1.0
2025-11-02 22:30:32,971 [INFO] ThirdParty:1030 - CMSIS Pack Vendor :STMicroelectronics X-CUBE-SAFEA1 1.2.2
2025-11-02 22:30:32,971 [INFO] ThirdParty:1030 - CMSIS Pack Vendor :STMicroelectronics X-CUBE-NFC4 3.0.0
2025-11-02 22:30:32,971 [INFO] ThirdParty:1030 - CMSIS Pack Vendor :STMicroelectronics X-CUBE-SUBG2 5.0.0
2025-11-02 22:30:32,971 [INFO] ThirdParty:1030 - CMSIS Pack Vendor :STMicroelectronics X-CUBE-AZRTOS-H7RS 1.1.0
2025-11-02 22:30:32,971 [INFO] ThirdParty:1030 - CMSIS Pack Vendor :STMicroelectronics STM32_WPAN 1.0.0
2025-11-02 22:30:32,971 [INFO] ThirdParty:1030 - CMSIS Pack Vendor :EmbeddedOffice I-CUBE-FS-RTOS 1.0.1
2025-11-02 22:30:32,971 [INFO] ThirdParty:1030 - CMSIS Pack Vendor :STMicroelectronics lwIP 2.0.3
2025-11-02 22:30:32,971 [INFO] ThirdParty:1030 - CMSIS Pack Vendor :Cesanta I-CUBE-Mongoose 7.13.0
2025-11-02 22:30:32,971 [INFO] ThirdParty:1030 - CMSIS Pack Vendor :STMicroelectronics USB_HOST 1.0.0
2025-11-02 22:30:32,971 [INFO] ThirdParty:1030 - CMSIS Pack Vendor :Infineon AIROC-Wi-Fi-Bluetooth-STM32 1.7.0
2025-11-02 22:30:32,971 [INFO] ThirdParty:1030 - CMSIS Pack Vendor :STMicroelectronics X-CUBE-AZRTOS-G4 2.0.0
2025-11-02 22:30:32,971 [INFO] ThirdParty:1030 - CMSIS Pack Vendor :STMicroelectronics X-CUBE-WB05N 2.0.0
2025-11-02 22:30:32,971 [INFO] ThirdParty:1030 - CMSIS Pack Vendor :STMicroelectronics PDM2PCM 3.1.0
2025-11-02 22:30:32,971 [INFO] ThirdParty:1030 - CMSIS Pack Vendor :STMicroelectronics PDM2PCM 3.3.0
2025-11-02 22:30:32,972 [INFO] ThirdParty:1030 - CMSIS Pack Vendor :wolfSSL I-CUBE-wolfTPM 3.8.0
2025-11-02 22:30:32,973 [INFO] ThirdParty:1030 - CMSIS Pack Vendor :STMicroelectronics X-CUBE-AZRTOS-H7 3.4.0
2025-11-02 22:30:32,973 [INFO] ThirdParty:1030 - CMSIS Pack Vendor :STMicroelectronics X-CUBE-DISPLAY 3.0.0
2025-11-02 22:30:32,973 [INFO] ThirdParty:1030 - CMSIS Pack Vendor :wolfSSL I-CUBE-wolfSSH 1.4.20
2025-11-02 22:30:32,973 [INFO] ThirdParty:1030 - CMSIS Pack Vendor :STMicroelectronics X-CUBE-NFC7 2.0.0
2025-11-02 22:30:32,973 [INFO] ThirdParty:1030 - CMSIS Pack Vendor :STMicroelectronics X-CUBE-TCPP 4.2.0
2025-11-02 22:30:32,973 [INFO] ThirdParty:1030 - CMSIS Pack Vendor :RealThread X-CUBE-RT-Thread_Nano 4.1.1
2025-11-02 22:30:32,973 [INFO] ThirdParty:1030 - CMSIS Pack Vendor :STMicroelectronics FP-ATR-SIGFOX1 3.2.0
2025-11-02 22:30:32,973 [INFO] ThirdParty:1030 - CMSIS Pack Vendor :STMicroelectronics X-CUBE-NFC10 1.0.0
2025-11-02 22:30:32,973 [INFO] ThirdParty:1030 - CMSIS Pack Vendor :STMicroelectronics X-CUBE-BLEMGR 4.0.0
2025-11-02 22:30:32,973 [INFO] ThirdParty:1030 - CMSIS Pack Vendor :STMicroelectronics X-CUBE-EEPRMA1 5.1.0
2025-11-02 22:30:32,973 [INFO] ThirdParty:1030 - CMSIS Pack Vendor :STMicroelectronics X-CUBE-FREERTOS 1.3.1
2025-11-02 22:30:32,973 [INFO] ThirdParty:1030 - CMSIS Pack Vendor :STMicroelectronics HAL Drivers 0.0.0
2025-11-02 22:30:32,973 [INFO] ThirdParty:1030 - CMSIS Pack Vendor :STMicroelectronics MBEDTLS 2.16.2
2025-11-02 22:30:32,973 [INFO] ThirdParty:1030 - CMSIS Pack Vendor :STMicroelectronics X-CUBE-ST60 1.1.0
2025-11-02 22:30:32,973 [INFO] ThirdParty:1030 - CMSIS Pack Vendor :STMicroelectronics X-CUBE-IPS 3.1.0
2025-11-02 22:30:32,973 [INFO] ThirdParty:1030 - CMSIS Pack Vendor :STMicroelectronics X-CUBE-ALS 1.0.2
2025-11-02 22:30:32,973 [INFO] ThirdParty:1030 - CMSIS Pack Vendor :emotas I-CUBE-CANOPEN 1.3.0
2025-11-02 22:30:32,973 [INFO] ThirdParty:1030 - CMSIS Pack Vendor :STMicroelectronics MBEDTLS 2.14.1
2025-11-02 22:30:32,973 [INFO] ThirdParty:1030 - CMSIS Pack Vendor :STMicroelectronics X-CUBE-GNSS1 7.1.0
2025-11-02 22:30:32,973 [INFO] ThirdParty:1030 - CMSIS Pack Vendor :ITTIA_DB I-CUBE-ITTIADB 8.9.0
2025-11-02 22:30:32,973 [INFO] ThirdParty:1030 - CMSIS Pack Vendor :STMicroelectronics X-CUBE-TOUCHGFX 4.26.0
2025-11-02 22:30:32,974 [INFO] ThirdParty:1030 - CMSIS Pack Vendor :STMicroelectronics X-CUBE-STSE01 1.0.0
2025-11-02 22:30:32,974 [INFO] ThirdParty:1030 - CMSIS Pack Vendor :portGmbH I-Cube-SoM-uGOAL 1.1.0
2025-11-02 22:30:32,974 [INFO] ThirdParty:1030 - CMSIS Pack Vendor :quantropi X-CUBE-qispace-sdk-base 2.0.0
2025-11-02 22:30:32,974 [INFO] ThirdParty:1030 - CMSIS Pack Vendor :STMicroelectronics X-CUBE-ST67W61 1.0.0
2025-11-02 22:30:32,974 [INFO] ThirdParty:1030 - CMSIS Pack Vendor :STMicroelectronics FP-SNS-STBOX1 2.1.0
2025-11-02 22:30:32,974 [INFO] ThirdParty:1030 - CMSIS Pack Vendor :STMicroelectronics X-CUBE-AI 10.2.0
2025-11-02 22:30:32,974 [INFO] ThirdParty:1030 - CMSIS Pack Vendor :STMicroelectronics FP-SNS-STAIOTCFT 1.0.0
2025-11-02 22:30:32,974 [INFO] ThirdParty:1030 - CMSIS Pack Vendor :STMicroelectronics ThreadX 1.0.0
2025-11-02 22:30:32,974 [INFO] ThirdParty:1030 - CMSIS Pack Vendor :STMicroelectronics FP-SNS-SMARTAG2 1.2.0
2025-11-02 22:30:32,974 [INFO] ThirdParty:1030 - CMSIS Pack Vendor :STMicroelectronics FP-SNS-FLIGHT1 5.1.0
2025-11-02 22:30:32,974 [INFO] ThirdParty:1030 - CMSIS Pack Vendor :STMicroelectronics X-CUBE-AZRTOS-WL 2.0.0
2025-11-02 22:30:32,974 [INFO] ThirdParty:1030 - CMSIS Pack Vendor :SEGGER I-CUBE-embOS 1.3.1
2025-11-02 22:30:32,974 [INFO] ThirdParty:1030 - CMSIS Pack Vendor :STMicroelectronics X-CUBE-ALGOBUILD 1.4.0
2025-11-02 22:30:32,974 [INFO] ThirdParty:1030 - CMSIS Pack Vendor :STMicroelectronics X-CUBE-DPower 1.3.0
2025-11-02 22:30:32,974 [INFO] ThirdParty:1030 - CMSIS Pack Vendor :STMicroelectronics X-CUBE-MEMS1 11.3.0
2025-11-02 22:30:32,974 [INFO] ThirdParty:1030 - CMSIS Pack Vendor :STMicroelectronics FP-SNS-MOTENV1 5.0.0
2025-11-02 22:30:32,975 [INFO] ThirdParty:1030 - CMSIS Pack Vendor :STMicroelectronics USB_DEVICE 1.0.0
2025-11-02 22:30:32,975 [INFO] ThirdParty:1030 - CMSIS Pack Vendor :STMicroelectronics X-CUBE-AZRTOS-L4 2.0.0
2025-11-02 22:30:32,976 [INFO] ThirdParty:1030 - CMSIS Pack Vendor :STMicroelectronics ThreadX 0.0.2
2025-11-02 22:30:32,977 [INFO] ThirdParty:1030 - CMSIS Pack Vendor :WES I-CUBE-Cesium 1.3.0
2025-11-02 22:30:32,977 [INFO] ThirdParty:1030 - CMSIS Pack Vendor :STMicroelectronics lwIP 2.1.2
2025-11-02 22:30:32,978 [INFO] ThirdParty:1030 - CMSIS Pack Vendor :STMicroelectronics X-CUBE-SFXS2LP1 4.0.0
2025-11-02 22:30:32,978 [INFO] ThirdParty:1030 - CMSIS Pack Vendor :STMicroelectronics X-CUBE-BLE2 3.3.0
2025-11-02 22:30:32,978 [INFO] ThirdParty:1030 - CMSIS Pack Vendor :STMicroelectronics X-CUBE-TOF1 3.4.3
2025-11-02 22:30:32,978 [INFO] ThirdParty:1030 - CMSIS Pack Vendor :STMicroelectronics PDM2PCM 3.2.0
2025-11-02 22:30:32,980 [INFO] ThirdParty:841 - exiting critical section [change project]
2025-11-02 22:30:33,762 [INFO] PinOutPanel:1589 - setPackage(No Configuration,No Configuration)
2025-11-02 22:30:33,767 [INFO] PinOutPanel:1589 - setPackage(STM32F401RETx,LQFP64)
2025-11-02 22:30:35,145 [INFO] UtilMem:75 - Before build in PCC Used Memory: 672848368 Bytes (966787072)
2025-11-02 22:30:36,537 [INFO] UtilMem:75 - After build in PCC Used Memory: 636654672 Bytes (966787072)
2025-11-02 22:30:36,614 [INFO] IPUIPlugin:80 - create IPUIPlugin
2025-11-02 22:30:36,617 [INFO] IPUIPlugin:80 - create IPUIPlugin
2025-11-02 22:30:36,618 [INFO] IPUIPlugin:80 - create IPUIPlugin
2025-11-02 22:30:36,618 [INFO] IPUIPlugin:80 - create IPUIPlugin
2025-11-02 22:30:36,618 [INFO] IPUIPlugin:80 - create IPUIPlugin
2025-11-02 22:30:36,619 [INFO] IPUIPlugin:80 - create IPUIPlugin
2025-11-02 22:30:36,619 [INFO] IPUIPlugin:80 - create IPUIPlugin
2025-11-02 22:30:36,619 [INFO] IPUIPlugin:80 - create IPUIPlugin
2025-11-02 22:30:36,619 [INFO] IPUIPlugin:80 - create IPUIPlugin
2025-11-02 22:30:36,620 [INFO] IPUIPlugin:80 - create IPUIPlugin
2025-11-02 22:30:36,620 [INFO] IPUIPlugin:80 - create IPUIPlugin
2025-11-02 22:30:36,620 [INFO] IPUIPlugin:80 - create IPUIPlugin
2025-11-02 22:30:36,620 [INFO] IPUIPlugin:80 - create IPUIPlugin
2025-11-02 22:30:36,620 [INFO] IPUIPlugin:80 - create IPUIPlugin
2025-11-02 22:30:36,620 [INFO] IPUIPlugin:80 - create IPUIPlugin
2025-11-02 22:30:36,620 [INFO] IPUIPlugin:80 - create IPUIPlugin
2025-11-02 22:30:36,623 [INFO] IPUIPlugin:80 - create IPUIPlugin
2025-11-02 22:30:36,623 [INFO] IPUIPlugin:80 - create IPUIPlugin
2025-11-02 22:30:36,623 [INFO] IPUIPlugin:80 - create IPUIPlugin
2025-11-02 22:30:36,623 [INFO] IPUIPlugin:80 - create IPUIPlugin
2025-11-02 22:30:36,623 [INFO] IPUIPlugin:80 - create IPUIPlugin
2025-11-02 22:30:36,623 [INFO] IPUIPlugin:80 - create IPUIPlugin
2025-11-02 22:30:36,623 [INFO] IPUIPlugin:80 - create IPUIPlugin
2025-11-02 22:30:36,623 [INFO] IPUIPlugin:80 - create IPUIPlugin
2025-11-02 22:30:36,623 [INFO] IPUIPlugin:80 - create IPUIPlugin
2025-11-02 22:30:36,624 [INFO] IPUIPlugin:80 - create IPUIPlugin
2025-11-02 22:30:36,624 [INFO] IPUIPlugin:80 - create IPUIPlugin
2025-11-02 22:30:36,624 [INFO] IPUIPlugin:80 - create IPUIPlugin
2025-11-02 22:30:36,624 [INFO] IPUIPlugin:80 - create IPUIPlugin
2025-11-02 22:30:36,624 [INFO] IPUIPlugin:80 - create IPUIPlugin
2025-11-02 22:30:36,624 [INFO] IPUIPlugin:80 - create IPUIPlugin
2025-11-02 22:30:36,624 [INFO] IPUIPlugin:80 - create IPUIPlugin
2025-11-02 22:30:36,624 [INFO] IPUIPlugin:80 - create IPUIPlugin
2025-11-02 22:30:36,624 [INFO] IPUIPlugin:80 - create IPUIPlugin
2025-11-02 22:30:36,625 [INFO] IPUIPlugin:80 - create IPUIPlugin
2025-11-02 22:30:36,625 [INFO] IPUIPlugin:80 - create IPUIPlugin
2025-11-02 22:30:36,625 [INFO] IPUIPlugin:80 - create IPUIPlugin
2025-11-02 22:30:36,625 [INFO] IPUIPlugin:80 - create IPUIPlugin
2025-11-02 22:30:36,673 [INFO] ApiDbMcu:532 - Load IP Config File for PDM2PCM
2025-11-02 22:30:36,950 [INFO] CADModel:165 - CPN selected for project levelSTM32F401RET6
2025-11-02 22:30:36,950 [INFO] CADModel:114 - Register for checkConnection events
2025-11-02 22:30:37,001 [INFO] OpenFileManager:386 - Restore cursor
2025-11-02 22:36:12,697 [ERROR] LogOutputStream:75 - [STDERR_REDIRECT] 
2025-11-02 22:36:33,481 [INFO] Activator:176 - 


2025-11-02 22:36:33,483 [INFO] Activator:177 - !SESSION log4j initialized
2025-11-02 22:36:36,271 [INFO] LogOutputStream:77 - [STDOUT_REDIRECT] 
2025-11-02 22:36:38,652 [INFO] LogOutputStream:77 - [STDOUT_REDIRECT] 
2025-11-02 22:36:39,351 [ERROR] LogOutputStream:75 - [STDERR_REDIRECT] 
2025-11-02 22:36:41,734 [INFO] ApplicationProperties:184 - Using Application install path: /Applications/STM32CubeIDE.app/Contents/Eclipse/plugins/com.st.stm32cube.common.mx_6.15.0.202507011659
2025-11-02 22:36:41,768 [INFO] DbMcusXml:78 - Set database path to: /Applications/STM32CubeIDE.app/Contents/Eclipse/plugins/com.st.stm32cube.common.mx_6.15.0.202507011659//db//mcu/
2025-11-02 22:36:41,769 [INFO] ApiDb:274 - Set plugin database path to: /Applications/STM32CubeIDE.app/Contents/Eclipse/plugins/com.st.stm32cube.common.mx_6.15.0.202507011659//db//plugins/boardmanager/
2025-11-02 22:36:41,770 [WARN] ApiDb:259 - Overriding images path with different value:  => /Applications/STM32CubeIDE.app/Contents/Eclipse/plugins/com.st.stm32cube.common.mx_6.15.0.202507011659//db//plugins/mcufinder/images/
2025-11-02 22:36:41,778 [INFO] ApiDb:250 - Set database path to: /Users/vladpetrenko/.stmcufinder/plugins/mcufinder//mcu/
2025-11-02 22:36:41,778 [INFO] DbMcusAds:125 - Set database path to: /Users/vladpetrenko/.stmcufinder/plugins/mcufinder//mcu/
2025-11-02 22:36:41,780 [INFO] CrossReferenceDbSqlite:203 - Set database path to: /Users/vladpetrenko/.stmcufinder/plugins/mcufinder//mcu/cs/
2025-11-02 22:36:41,945 [INFO] RulesReader:64 - Compatibility file has been processed (317 Rules)
2025-11-02 22:36:42,002 [INFO] DbMcusXml:78 - Set database path to: /Applications/STM32CubeIDE.app/Contents/Eclipse/plugins/com.st.stm32cube.common.mx_6.15.0.202507011659//db//mcu/
2025-11-02 22:36:42,002 [INFO] ApiDb:274 - Set plugin database path to: /Applications/STM32CubeIDE.app/Contents/Eclipse/plugins/com.st.stm32cube.common.mx_6.15.0.202507011659//db//plugins/boardmanager/
2025-11-02 22:36:42,003 [INFO] ApiDb:261 - Set plugin images path to: /Applications/STM32CubeIDE.app/Contents/Eclipse/plugins/com.st.stm32cube.common.mx_6.15.0.202507011659//db//plugins/mcufinder/images/
2025-11-02 22:36:42,003 [WARN] DbFile:41 - Overriding database path with different value: /Users/vladpetrenko/.stmcufinder/plugins/mcufinder/ => /Users/vladpetrenko/.stmcufinder/plugins/mcufinder
2025-11-02 22:36:42,003 [INFO] ApiDb:250 - Set database path to: /Users/vladpetrenko/.stmcufinder/plugins/mcufinder//mcu/
2025-11-02 22:36:42,003 [WARN] DbFile:41 - Overriding database path with different value: /Users/vladpetrenko/.stmcufinder/plugins/mcufinder/ => /Users/vladpetrenko/.stmcufinder/plugins/mcufinder
2025-11-02 22:36:42,003 [INFO] DbMcusAds:125 - Set database path to: /Users/vladpetrenko/.stmcufinder/plugins/mcufinder//mcu/
2025-11-02 22:36:42,003 [WARN] DbFile:41 - Overriding database path with different value: /Users/vladpetrenko/.stmcufinder/plugins/mcufinder/ => /Users/vladpetrenko/.stmcufinder/plugins/mcufinder
2025-11-02 22:36:42,003 [WARN] DbFile:41 - Overriding database path with different value: /Users/vladpetrenko/.stmcufinder/plugins/mcufinder/ => /Users/vladpetrenko/.stmcufinder/plugins/mcufinder
2025-11-02 22:36:42,004 [INFO] CrossReferenceDbSqlite:203 - Set database path to: /Users/vladpetrenko/.stmcufinder/plugins/mcufinder//mcu/cs/
2025-11-02 22:36:42,081 [INFO] MainPanel:274 - HeapMemory: 268435456
2025-11-02 22:36:43,329 [INFO] DbMcusXml:78 - Set database path to: /Applications/STM32CubeIDE.app/Contents/Eclipse/plugins/com.st.stm32cube.common.mx_6.15.0.202507011659//db//mcu/
2025-11-02 22:36:43,330 [INFO] ApiDb:274 - Set plugin database path to: /Applications/STM32CubeIDE.app/Contents/Eclipse/plugins/com.st.stm32cube.common.mx_6.15.0.202507011659//db//plugins/boardmanager/
2025-11-02 22:36:43,330 [INFO] ApiDb:261 - Set plugin images path to: /Applications/STM32CubeIDE.app/Contents/Eclipse/plugins/com.st.stm32cube.common.mx_6.15.0.202507011659//db//plugins/mcufinder/images/
2025-11-02 22:36:43,330 [WARN] DbFile:41 - Overriding database path with different value: /Users/vladpetrenko/.stmcufinder/plugins/mcufinder/ => /Users/vladpetrenko/.stmcufinder/plugins/mcufinder
2025-11-02 22:36:43,330 [INFO] ApiDb:250 - Set database path to: /Users/vladpetrenko/.stmcufinder/plugins/mcufinder//mcu/
2025-11-02 22:36:43,330 [WARN] DbFile:41 - Overriding database path with different value: /Users/vladpetrenko/.stmcufinder/plugins/mcufinder/ => /Users/vladpetrenko/.stmcufinder/plugins/mcufinder
2025-11-02 22:36:43,331 [INFO] DbMcusAds:125 - Set database path to: /Users/vladpetrenko/.stmcufinder/plugins/mcufinder//mcu/
2025-11-02 22:36:43,331 [WARN] DbFile:41 - Overriding database path with different value: /Users/vladpetrenko/.stmcufinder/plugins/mcufinder/ => /Users/vladpetrenko/.stmcufinder/plugins/mcufinder
2025-11-02 22:36:43,331 [WARN] DbFile:41 - Overriding database path with different value: /Users/vladpetrenko/.stmcufinder/plugins/mcufinder/ => /Users/vladpetrenko/.stmcufinder/plugins/mcufinder
2025-11-02 22:36:43,331 [INFO] CrossReferenceDbSqlite:203 - Set database path to: /Users/vladpetrenko/.stmcufinder/plugins/mcufinder//mcu/cs/
2025-11-02 22:36:43,354 [INFO] ApplicationProperties:184 - Using Application install path: /Applications/STM32CubeIDE.app/Contents/Eclipse/plugins/com.st.stm32cube.common.mx_6.15.0.202507011659
2025-11-02 22:36:43,356 [INFO] PluginManage:196 - Search for loadable plugins [exclusion list=, ]
2025-11-02 22:36:43,358 [INFO] PluginManage:310 - Check plugin analytics
2025-11-02 22:36:43,585 [INFO] AnalyticsPlugin:253 - Accepted Software Licenses: STM32CubeMX.6.15.0
2025-11-02 22:36:43,585 [INFO] AnalyticsPlugin:255 - Accepted CMSIS Pack Licenses: 
2025-11-02 22:36:43,585 [INFO] AnalyticsPlugin:257 - Accepted Firmware Licenses: FW.F4.1.28.0
2025-11-02 22:36:43,610 [INFO] PluginManage:359 - Loaded plugin analytics (category:tool,tabindex:-1)
2025-11-02 22:36:43,611 [INFO] PluginManage:310 - Check plugin cadmodel
2025-11-02 22:36:43,626 [INFO] CADModel:105 - Init CAD model plugin
2025-11-02 22:36:43,627 [INFO] PluginManage:359 - Loaded plugin cadmodel (category:power,tabindex:5)
2025-11-02 22:36:43,627 [INFO] PluginManage:310 - Check plugin clock
2025-11-02 22:36:43,638 [INFO] PluginManage:359 - Loaded plugin clock (category:base,tabindex:2)
2025-11-02 22:36:43,638 [INFO] PluginManage:310 - Check plugin ddr
2025-11-02 22:36:43,641 [INFO] PluginManage:359 - Loaded plugin ddr (category:tool,tabindex:6)
2025-11-02 22:36:43,641 [INFO] PluginManage:310 - Check plugin filemanager
2025-11-02 22:36:43,812 [INFO] PluginManage:359 - Loaded plugin filemanager (category:base,tabindex:10)
2025-11-02 22:36:43,812 [INFO] PluginManage:310 - Check plugin ipmanager
2025-11-02 22:36:43,820 [INFO] PluginManage:359 - Loaded plugin ipmanager (category:base,tabindex:5)
2025-11-02 22:36:43,820 [INFO] PluginManage:310 - Check plugin lpbam
2025-11-02 22:36:43,829 [INFO] PluginManage:359 - Loaded plugin lpbam (category:base,tabindex:0)
2025-11-02 22:36:43,829 [INFO] PluginManage:310 - Check plugin memorymap
2025-11-02 22:36:43,840 [INFO] PluginManage:359 - Loaded plugin memorymap (category:base,tabindex:4)
2025-11-02 22:36:43,840 [INFO] PluginManage:310 - Check plugin pinoutandconfiguration
2025-11-02 22:36:43,847 [INFO] PluginManage:359 - Loaded plugin pinoutandconfiguration (category:base,tabindex:1)
2025-11-02 22:36:43,847 [INFO] PluginManage:310 - Check plugin pinoutconfig
2025-11-02 22:36:43,937 [WARN] SupportedApi:132 - Cannot load RTOS API schema: s4s-elt-must-match.1: The content of 'definitions' must match (annotation?, (simpleType | complexType)?, (unique | key | keyref)*)). A problem was found starting at: attribute.
2025-11-02 22:36:44,088 [INFO] PluginManage:359 - Loaded plugin pinoutconfig (category:base,tabindex:0)
2025-11-02 22:36:44,088 [INFO] PluginManage:310 - Check plugin power
2025-11-02 22:36:44,098 [INFO] PluginManage:359 - Loaded plugin power (category:power,tabindex:4)
2025-11-02 22:36:44,098 [INFO] PluginManage:310 - Check plugin projectmanager
2025-11-02 22:36:44,124 [INFO] PluginManage:359 - Loaded plugin projectmanager (category:projectmanager,tabindex:4)
2025-11-02 22:36:44,125 [INFO] PluginManage:310 - Check plugin rif
2025-11-02 22:36:44,132 [INFO] PluginManage:359 - Loaded plugin rif (category:base,tabindex:3)
2025-11-02 22:36:44,132 [INFO] PluginManage:310 - Check plugin thirdparty
2025-11-02 22:36:44,321 [INFO] PluginManage:359 - Loaded plugin thirdparty (category:base,tabindex:-1)
2025-11-02 22:36:44,321 [WARN] IntegrityCheckThread:84 - waiting for thirdparty lock release [integrity check]
2025-11-02 22:36:44,321 [INFO] PluginManage:310 - Check plugin tools
2025-11-02 22:36:44,322 [INFO] IntegrityCheckThread:86 - entering critical section [integrity check]
2025-11-02 22:36:44,323 [INFO] ThirdPartyUpdaterWithRetryManager:70 - Updater plugin not ready yet. [1/15]
2025-11-02 22:36:44,325 [INFO] PluginManage:359 - Loaded plugin tools (category:base,tabindex:7)
2025-11-02 22:36:44,325 [INFO] PluginManage:310 - Check plugin tutovideos
2025-11-02 22:36:44,502 [INFO] PluginManage:359 - Loaded plugin tutovideos (category:base,tabindex:-1)
2025-11-02 22:36:44,502 [INFO] PluginManage:310 - Check plugin updater
2025-11-02 22:36:44,532 [INFO] PluginManage:359 - Loaded plugin updater (category:base,tabindex:12)
2025-11-02 22:36:44,533 [INFO] PluginManage:310 - Check plugin userauth
2025-11-02 22:36:44,540 [INFO] UserAuth:118 - Init User Auth plugin
2025-11-02 22:36:44,541 [INFO] PluginManage:359 - Loaded plugin userauth (category:base,tabindex:14)
2025-11-02 22:36:44,542 [INFO] PluginManage:283 - PluginManage : Loaded plugins [18]
2025-11-02 22:36:44,775 [INFO] PinOutPanel:1589 - setPackage(No Configuration,No Configuration)
2025-11-02 22:36:44,848 [INFO] CADModel:165 - CPN selected for project level
2025-11-02 22:36:44,848 [INFO] CADModel:114 - Register for checkConnection events
2025-11-02 22:36:44,858 [INFO] IPUIPlugin:80 - create IPUIPlugin
2025-11-02 22:36:44,858 [INFO] PluginManager:220 - loadIPPluginJar : add mdma
2025-11-02 22:36:44,863 [INFO] IPUIPlugin:80 - create IPUIPlugin
2025-11-02 22:36:44,864 [INFO] PluginManager:220 - loadIPPluginJar : add freertos
2025-11-02 22:36:44,867 [INFO] IPUIPlugin:80 - create IPUIPlugin
2025-11-02 22:36:44,867 [INFO] PluginManager:220 - loadIPPluginJar : add gic
2025-11-02 22:36:44,874 [INFO] IPUIPlugin:80 - create IPUIPlugin
2025-11-02 22:36:44,875 [INFO] PluginManager:220 - loadIPPluginJar : add adc
2025-11-02 22:36:44,876 [INFO] IPUIPlugin:80 - create IPUIPlugin
2025-11-02 22:36:44,877 [INFO] PluginManager:220 - loadIPPluginJar : add gtzc
2025-11-02 22:36:44,878 [INFO] IPUIPlugin:80 - create IPUIPlugin
2025-11-02 22:36:44,878 [INFO] PluginManager:220 - loadIPPluginJar : add quadspi
2025-11-02 22:36:44,880 [INFO] IPUIPlugin:80 - create IPUIPlugin
2025-11-02 22:36:44,880 [INFO] PluginManager:220 - loadIPPluginJar : add aes
2025-11-02 22:36:44,882 [INFO] IPUIPlugin:80 - create IPUIPlugin
2025-11-02 22:36:44,882 [INFO] PluginManager:220 - loadIPPluginJar : add pdm2pcm
2025-11-02 22:36:44,884 [INFO] IPUIPlugin:80 - create IPUIPlugin
2025-11-02 22:36:44,884 [INFO] PluginManager:220 - loadIPPluginJar : add hash
2025-11-02 22:36:44,886 [INFO] IPUIPlugin:80 - create IPUIPlugin
2025-11-02 22:36:44,886 [INFO] PluginManager:220 - loadIPPluginJar : add tim
2025-11-02 22:36:44,887 [INFO] IPUIPlugin:80 - create IPUIPlugin
2025-11-02 22:36:44,887 [INFO] PluginManager:220 - loadIPPluginJar : add tsc
2025-11-02 22:36:44,889 [INFO] IPUIPlugin:80 - create IPUIPlugin
2025-11-02 22:36:44,889 [INFO] PluginManager:220 - loadIPPluginJar : add extmemmanager
2025-11-02 22:36:44,890 [INFO] IPUIPlugin:80 - create IPUIPlugin
2025-11-02 22:36:44,890 [INFO] PluginManager:220 - loadIPPluginJar : add ts
2025-11-02 22:36:44,891 [INFO] IPUIPlugin:80 - create IPUIPlugin
2025-11-02 22:36:44,891 [INFO] PluginManager:220 - loadIPPluginJar : add radio
2025-11-02 22:36:44,893 [INFO] IPUIPlugin:80 - create IPUIPlugin
2025-11-02 22:36:44,893 [INFO] PluginManager:220 - loadIPPluginJar : add can
2025-11-02 22:36:44,894 [INFO] IPUIPlugin:80 - create IPUIPlugin
2025-11-02 22:36:44,894 [INFO] PluginManager:220 - loadIPPluginJar : add dma3
2025-11-02 22:36:44,896 [INFO] IPUIPlugin:80 - create IPUIPlugin
2025-11-02 22:36:44,897 [INFO] PluginManager:220 - loadIPPluginJar : add dfsdm
2025-11-02 22:36:44,898 [INFO] IPUIPlugin:80 - create IPUIPlugin
2025-11-02 22:36:44,898 [INFO] PluginManager:220 - loadIPPluginJar : add spi
2025-11-02 22:36:44,900 [INFO] IPUIPlugin:80 - create IPUIPlugin
2025-11-02 22:36:44,900 [INFO] PluginManager:220 - loadIPPluginJar : add gfxmmu
2025-11-02 22:36:44,901 [INFO] IPUIPlugin:80 - create IPUIPlugin
2025-11-02 22:36:44,901 [INFO] PluginManager:220 - loadIPPluginJar : add genericplugin
2025-11-02 22:36:44,902 [INFO] IPUIPlugin:80 - create IPUIPlugin
2025-11-02 22:36:44,902 [INFO] PluginManager:220 - loadIPPluginJar : add cryp
2025-11-02 22:36:44,905 [INFO] IPUIPlugin:80 - create IPUIPlugin
2025-11-02 22:36:44,906 [INFO] PluginManager:220 - loadIPPluginJar : add gpio
2025-11-02 22:36:44,908 [INFO] IPUIPlugin:80 - create IPUIPlugin
2025-11-02 22:36:44,909 [INFO] PluginManager:220 - loadIPPluginJar : add ddr_ctrl_phy
2025-11-02 22:36:44,910 [INFO] IPUIPlugin:80 - create IPUIPlugin
2025-11-02 22:36:44,910 [INFO] PluginManager:220 - loadIPPluginJar : add comp
2025-11-02 22:36:44,912 [INFO] IPUIPlugin:80 - create IPUIPlugin
2025-11-02 22:36:44,913 [INFO] PluginManager:220 - loadIPPluginJar : add tracer_emb
2025-11-02 22:36:44,915 [INFO] IPUIPlugin:80 - create IPUIPlugin
2025-11-02 22:36:44,915 [INFO] PluginManager:220 - loadIPPluginJar : add openamp
2025-11-02 22:36:44,919 [INFO] IPUIPlugin:80 - create IPUIPlugin
2025-11-02 22:36:44,920 [INFO] PluginManager:220 - loadIPPluginJar : add stm32_wpan
2025-11-02 22:36:44,924 [INFO] IPUIPlugin:80 - create IPUIPlugin
2025-11-02 22:36:44,926 [INFO] PluginManager:220 - loadIPPluginJar : add plateformsettings
2025-11-02 22:36:44,928 [INFO] IPUIPlugin:80 - create IPUIPlugin
2025-11-02 22:36:44,928 [INFO] PluginManager:220 - loadIPPluginJar : add ipddr
2025-11-02 22:36:44,930 [INFO] IPUIPlugin:80 - create IPUIPlugin
2025-11-02 22:36:44,930 [INFO] PluginManager:220 - loadIPPluginJar : add usart
2025-11-02 22:36:44,931 [INFO] IPUIPlugin:80 - create IPUIPlugin
2025-11-02 22:36:44,931 [INFO] PluginManager:220 - loadIPPluginJar : add ltdc
2025-11-02 22:36:44,933 [INFO] IPUIPlugin:80 - create IPUIPlugin
2025-11-02 22:36:44,933 [INFO] PluginManager:220 - loadIPPluginJar : add nvic
2025-11-02 22:36:44,934 [INFO] IPUIPlugin:80 - create IPUIPlugin
2025-11-02 22:36:44,935 [INFO] PluginManager:220 - loadIPPluginJar : add fatfs
2025-11-02 22:36:44,939 [INFO] IPUIPlugin:80 - create IPUIPlugin
2025-11-02 22:36:44,940 [INFO] PluginManager:220 - loadIPPluginJar : add linkedlist
2025-11-02 22:36:44,943 [INFO] IPUIPlugin:80 - create IPUIPlugin
2025-11-02 22:36:44,943 [INFO] PluginManager:220 - loadIPPluginJar : add dma
2025-11-02 22:36:44,946 [INFO] IPUIPlugin:80 - create IPUIPlugin
2025-11-02 22:36:44,946 [INFO] PluginManager:220 - loadIPPluginJar : add fmc
2025-11-02 22:36:44,948 [INFO] IPUIPlugin:80 - create IPUIPlugin
2025-11-02 22:36:44,948 [INFO] PluginManager:220 - loadIPPluginJar : add i2s
2025-11-02 22:36:44,950 [INFO] IPUIPlugin:80 - create IPUIPlugin
2025-11-02 22:36:44,950 [INFO] PluginManager:220 - loadIPPluginJar : add ucpd
2025-11-02 22:36:44,951 [INFO] IPUIPlugin:80 - create IPUIPlugin
2025-11-02 22:36:44,952 [INFO] PluginManager:220 - loadIPPluginJar : add lorawan
2025-11-02 22:36:44,953 [INFO] IPUIPlugin:80 - create IPUIPlugin
2025-11-02 22:36:44,954 [INFO] PluginManager:220 - loadIPPluginJar : add opamp
2025-11-02 22:36:44,956 [INFO] IPUIPlugin:80 - create IPUIPlugin
2025-11-02 22:36:44,957 [INFO] PluginManager:220 - loadIPPluginJar : add i3c
2025-11-02 22:36:44,959 [INFO] IPUIPlugin:80 - create IPUIPlugin
2025-11-02 22:36:44,959 [INFO] PluginManager:220 - loadIPPluginJar : add touchsensing
2025-11-02 22:36:44,961 [INFO] IPUIPlugin:80 - create IPUIPlugin
2025-11-02 22:36:44,961 [INFO] PluginManager:220 - loadIPPluginJar : add i2c
2025-11-02 22:36:44,964 [INFO] IPUIPlugin:80 - create IPUIPlugin
2025-11-02 22:36:44,964 [INFO] PluginManager:220 - loadIPPluginJar : add resmgrutility
2025-11-02 22:36:44,967 [INFO] IPUIPlugin:80 - create IPUIPlugin
2025-11-02 22:36:44,967 [INFO] PluginManager:220 - loadIPPluginJar : add sai
2025-11-02 22:36:44,970 [INFO] IPUIPlugin:80 - create IPUIPlugin
2025-11-02 22:36:44,970 [INFO] PluginManager:220 - loadIPPluginJar : add usbx
2025-11-02 22:36:45,092 [FATAL] Updater:351 - Updater called before beeing initialized
2025-11-02 22:36:45,136 [INFO] RulesReader:64 - Compatibility file has been processed (317 Rules)
2025-11-02 22:36:45,150 [INFO] RulesReader:64 - Compatibility file has been processed (317 Rules)
2025-11-02 22:36:45,163 [INFO] CADModel:165 - CPN selected for project level
2025-11-02 22:36:45,163 [INFO] CADModel:114 - Register for checkConnection events
2025-11-02 22:36:45,163 [FATAL] Updater:351 - Updater called before beeing initialized
2025-11-02 22:36:45,163 [ERROR] CADModel:125 - Updater not yet initialized, retry later 
2025-11-02 22:36:45,408 [FATAL] Updater:351 - Updater called before beeing initialized
2025-11-02 22:36:45,410 [INFO] CADModel:165 - CPN selected for project level
2025-11-02 22:36:45,410 [INFO] CADModel:114 - Register for checkConnection events
2025-11-02 22:36:45,410 [FATAL] Updater:351 - Updater called before beeing initialized
2025-11-02 22:36:45,410 [ERROR] CADModel:125 - Updater not yet initialized, retry later 
2025-11-02 22:36:45,413 [FATAL] Updater:351 - Updater called before beeing initialized
2025-11-02 22:36:45,587 [FATAL] Updater:351 - Updater called before beeing initialized
2025-11-02 22:36:45,594 [INFO] DbMcusAds:53 - JSON generation date=Thu Oct 02 11:36:05 CEST 2025 (1759397765645)
2025-11-02 22:36:45,594 [FATAL] Updater:351 - Updater called before beeing initialized
2025-11-02 22:36:45,650 [WARN] DetailPanel:346 - Failed to get advertising image, set to default
2025-11-02 22:36:45,724 [FATAL] Updater:351 - Updater called before beeing initialized
2025-11-02 22:36:45,726 [FATAL] Updater:351 - Updater called before beeing initialized
2025-11-02 22:36:45,726 [FATAL] Updater:351 - Updater called before beeing initialized
2025-11-02 22:36:45,726 [WARN] DetailPanel:346 - Failed to get advertising image, set to default
2025-11-02 22:36:45,728 [FATAL] Updater:351 - Updater called before beeing initialized
2025-11-02 22:36:45,785 [ERROR] Updater:1198 - MainUpdater not yet initialized. External WinMGr cannot be set.
2025-11-02 22:36:45,788 [INFO] Updater:1134 - Updater Version found : 6.15.0
2025-11-02 22:36:45,802 [INFO] ApplicationProperties:184 - Using Application install path: /Applications/STM32CubeIDE.app/Contents/Eclipse/plugins/com.st.stm32cube.common.mx_6.15.0.202507011659
2025-11-02 22:36:46,205 [INFO] MainUpdater:2872 - connection check result : 10
2025-11-02 22:36:46,206 [INFO] MainUpdater:289 - Updater Check For Update Now.
2025-11-02 22:36:46,206 [INFO] MicroXplorer:498 - Change Database Version : DB.6.0.150
2025-11-02 22:36:46,214 [INFO] McuFinderGlobals:63 - Set McuFinder mode to 2 (CubeIDE integrated)
2025-11-02 22:36:46,215 [INFO] UserAuth:487 - Internet connection configuration mode: 1
2025-11-02 22:36:46,237 [INFO] JxBrowserEngine:152 - Initiate JxBrowser Engine with user profile folder
2025-11-02 22:36:46,500 [INFO] CheckServerUpdateThread:120 - End of CheckServer Thread
2025-11-02 22:36:47,606 [WARN] PackLoader:240 - Cannot read IP mode file for STMicroelectronics.FP-SNS-MOTENVWB1.1.4.0
2025-11-02 22:36:47,630 [WARN] PackLoader:240 - Cannot read IP mode file for STMicroelectronics.FP-ATR-ASTRA1.2.0.2
2025-11-02 22:36:47,649 [WARN] PackLoader:240 - Cannot read IP mode file for STMicroelectronics.X-CUBE-SMBUS.2.1.0
2025-11-02 22:36:47,659 [WARN] PackLoader:240 - Cannot read IP mode file for STMicroelectronics.X-CUBE-ST60.1.0.0
2025-11-02 22:36:47,704 [WARN] PackLoader:240 - Cannot read IP mode file for STMicroelectronics.X-CUBE-AZRTOS-F7.1.1.0
2025-11-02 22:36:47,725 [WARN] PackLoader:240 - Cannot read IP mode file for STMicroelectronics.FP-SNS-MOTENV1.5.1.0
2025-11-02 22:36:47,791 [WARN] PackLoader:240 - Cannot read IP mode file for Infineon.AIROC-Wi-Fi-Bluetooth-STM32.1.7.0
2025-11-02 22:36:47,876 [WARN] PackLoader:240 - Cannot read IP mode file for STMicroelectronics.X-CUBE-AZRTOS-H7.3.4.0
2025-11-02 22:36:47,906 [WARN] PackLoader:240 - Cannot read IP mode file for STMicroelectronics.X-CUBE-DISPLAY.3.0.0
2025-11-02 22:36:47,943 [WARN] PackLoader:240 - Cannot read IP mode file for STMicroelectronics.X-CUBE-NFC10.1.0.0
2025-11-02 22:36:47,981 [WARN] PackLoader:240 - Cannot read IP mode file for STMicroelectronics.X-CUBE-BLEMGR.4.0.0
2025-11-02 22:36:48,007 [WARN] PackLoader:240 - Cannot read IP mode file for STMicroelectronics.X-CUBE-ST60.1.1.0
2025-11-02 22:36:48,019 [WARN] PackLoader:240 - Cannot read IP mode file for emotas.I-CUBE-CANOPEN.1.3.0
2025-11-02 22:36:48,029 [WARN] PackLoader:240 - Cannot read IP mode file for STMicroelectronics.X-CUBE-GNSS1.7.1.0
2025-11-02 22:36:48,038 [WARN] ConditionMgr:438 - getConditionDescription Invalid condition id : Cortex-A Device cause : null
2025-11-02 22:36:48,054 [WARN] ConditionMgr:1044 - genDependencies : Invalid condition id : Cortex-A Device cause : null
2025-11-02 22:36:48,055 [WARN] ConditionMgr:1044 - genDependencies : Invalid condition id : Cortex-A Device cause : null
2025-11-02 22:36:48,055 [WARN] ConditionMgr:1044 - genDependencies : Invalid condition id : Cortex-A Device cause : null
2025-11-02 22:36:48,074 [WARN] PackLoader:240 - Cannot read IP mode file for STMicroelectronics.FP-SNS-STBOX1.2.1.0
2025-11-02 22:36:48,102 [WARN] PackLoader:240 - Cannot read IP mode file for STMicroelectronics.FP-SNS-SMARTAG2.1.2.0
2025-11-02 22:36:48,116 [WARN] PackLoader:240 - Cannot read IP mode file for STMicroelectronics.FP-SNS-FLIGHT1.5.1.0
2025-11-02 22:36:48,130 [INFO] LogOutputStream:77 - [STDOUT_REDIRECT] 1 : Invalid condition id : UX_CORESTACK_Condition cause : null
2025-11-02 22:36:48,132 [INFO] LogOutputStream:77 - [STDOUT_REDIRECT] 1 : Invalid condition id : UX_CORESTACK_Condition cause : null
2025-11-02 22:36:48,132 [INFO] LogOutputStream:77 - [STDOUT_REDIRECT] 1 : Invalid condition id : UX_CORESTACK_Condition cause : null
2025-11-02 22:36:48,132 [INFO] LogOutputStream:77 - [STDOUT_REDIRECT] 1 : Invalid condition id : UX_CORESTACK_Condition cause : null
2025-11-02 22:36:48,132 [INFO] LogOutputStream:77 - [STDOUT_REDIRECT] 1 : Invalid condition id : UX_CORESTACK_Condition cause : null
2025-11-02 22:36:48,138 [WARN] PackLoader:240 - Cannot read IP mode file for STMicroelectronics.X-CUBE-AZRTOS-WL.2.0.0
2025-11-02 22:36:48,145 [WARN] PackLoader:240 - Cannot read IP mode file for STMicroelectronics.FP-SNS-MOTENV1.5.0.0
2025-11-02 22:36:48,158 [WARN] PackLoader:240 - Cannot read IP mode file for WES.I-CUBE-Cesium.1.3.0
2025-11-02 22:36:48,165 [WARN] PackLoader:240 - Cannot read IP mode file for STMicroelectronics.X-CUBE-BLE2.3.3.0
2025-11-02 22:36:48,184 [WARN] PackLoader:240 - Cannot read IP mode file for STMicroelectronics.X-CUBE-NFC9.1.0.0
2025-11-02 22:36:48,194 [WARN] PackLoader:240 - Cannot read IP mode file for wolfSSL.I-CUBE-wolfSSL.5.8.0
2025-11-02 22:36:48,203 [WARN] PackLoader:240 - Cannot read IP mode file for STMicroelectronics.X-CUBE-BLE1.7.1.0
2025-11-02 22:36:48,568 [WARN] PackLoader:240 - Cannot read IP mode file for wolfSSL.I-CUBE-wolfMQTT.1.19.2
2025-11-02 22:36:48,676 [WARN] PackLoader:240 - Cannot read IP mode file for STMicroelectronics.X-CUBE-EEPRMA1.5.2.0
2025-11-02 22:36:48,716 [WARN] PackLoader:240 - Cannot read IP mode file for STMicroelectronics.X-CUBE-ST67W61.1.1.0
2025-11-02 22:36:48,738 [WARN] PackLoader:240 - Cannot read IP mode file for STMicroelectronics.X-CUBE-AI.10.1.0
2025-11-02 22:36:48,818 [WARN] PackLoader:240 - Cannot read IP mode file for STMicroelectronics.X-CUBE-AZRTOS-G0.1.1.0
2025-11-02 22:36:48,841 [WARN] PackLoader:240 - Cannot read IP mode file for STMicroelectronics.X-CUBE-SAFEA1.1.2.2
2025-11-02 22:36:48,861 [WARN] PackLoader:240 - Cannot read IP mode file for STMicroelectronics.X-CUBE-NFC4.3.0.0
2025-11-02 22:36:48,898 [WARN] PackLoader:240 - Cannot read IP mode file for EmbeddedOffice.I-CUBE-FS-RTOS.1.0.1
2025-11-02 22:36:48,935 [WARN] PackLoader:240 - Cannot read IP mode file for STMicroelectronics.X-CUBE-WB05N.2.0.0
2025-11-02 22:36:48,958 [WARN] PackLoader:240 - Cannot read IP mode file for wolfSSL.I-CUBE-wolfTPM.3.8.0
2025-11-02 22:36:48,969 [WARN] PackLoader:240 - Cannot read IP mode file for STMicroelectronics.X-CUBE-TCPP.4.2.0
2025-11-02 22:36:48,979 [WARN] PackLoader:240 - Cannot read IP mode file for RealThread.X-CUBE-RT-Thread_Nano.4.1.1
2025-11-02 22:36:48,992 [WARN] PackLoader:240 - Cannot read IP mode file for STMicroelectronics.FP-ATR-SIGFOX1.3.2.0
2025-11-02 22:36:49,006 [WARN] PackLoader:240 - Cannot read IP mode file for STMicroelectronics.X-CUBE-EEPRMA1.5.1.0
2025-11-02 22:36:49,050 [WARN] PackLoader:240 - Cannot read IP mode file for ITTIA_DB.I-CUBE-ITTIADB.8.9.0
2025-11-02 22:36:49,085 [WARN] PackLoader:240 - Cannot read IP mode file for STMicroelectronics.X-CUBE-ST67W61.1.0.0
2025-11-02 22:36:49,099 [WARN] PackLoader:240 - Cannot read IP mode file for STMicroelectronics.X-CUBE-AI.10.2.0
2025-11-02 22:36:49,183 [WARN] PackLoader:240 - Cannot read IP mode file for SEGGER.I-CUBE-embOS.1.3.1
2025-11-02 22:36:49,243 [WARN] PackLoader:240 - Cannot read IP mode file for STMicroelectronics.X-CUBE-ALGOBUILD.1.4.0
2025-11-02 22:36:49,334 [WARN] PackLoader:240 - Cannot read IP mode file for STMicroelectronics.X-CUBE-MEMS1.11.3.0
2025-11-02 22:36:49,439 [WARN] PackLoader:240 - Cannot read IP mode file for STMicroelectronics.X-CUBE-PM33A1.1.0.0
2025-11-02 22:36:49,466 [WARN] PackLoader:240 - Cannot read IP mode file for STMicroelectronics.X-CUBE-AZRTOS-F4.1.1.0
2025-11-02 22:36:49,474 [WARN] PackLoader:240 - Cannot read IP mode file for Avnet-IotConnect.X-CUBE-IoTC-DA16k-PMOD.1.0.0
2025-11-02 22:36:49,477 [WARN] PackLoader:240 - Cannot read IP mode file for STMicroelectronics.X-CUBE-ISPU.2.1.0
2025-11-02 22:36:49,501 [WARN] PackLoader:240 - Cannot read IP mode file for STMicroelectronics.X-CUBE-IPS.3.2.0
2025-11-02 22:36:49,529 [WARN] PackLoader:240 - Cannot read IP mode file for STMicroelectronics.X-CUBE-NFC12.1.0.0
2025-11-02 22:36:49,558 [WARN] PackLoader:240 - Cannot read IP mode file for STMicroelectronics.X-CUBE-AZRTOS-L5.2.0.0
2025-11-02 22:36:49,581 [WARN] PackLoader:240 - Cannot read IP mode file for STMicroelectronics.X-CUBE-NFC6.3.1.0
2025-11-02 22:36:49,599 [WARN] PackLoader:240 - Cannot read IP mode file for STMicroelectronics.X-CUBE-FREERTOS.1.3.1
2025-11-02 22:36:49,604 [WARN] PackLoader:240 - Cannot read IP mode file for STMicroelectronics.X-CUBE-TOUCHGFX.4.26.0
2025-11-02 22:36:49,610 [WARN] PackLoader:240 - Cannot read IP mode file for STMicroelectronics.FP-SNS-STAIOTCFT.1.0.0
2025-11-02 22:36:49,622 [WARN] PackLoader:240 - Cannot read IP mode file for STMicroelectronics.X-CUBE-DPower.1.3.0
2025-11-02 22:36:49,644 [WARN] ConditionMgr:438 - getConditionDescription Invalid condition id : LAN8742 Phy interface Condition cause : null
2025-11-02 22:36:49,647 [WARN] PackLoader:240 - Cannot read IP mode file for STMicroelectronics.X-CUBE-AZRTOS-L4.2.0.0
2025-11-02 22:36:49,650 [WARN] ConditionMgr:1044 - genDependencies : Invalid condition id : LAN8742 Phy interface Condition cause : null
2025-11-02 22:36:49,650 [WARN] ConditionMgr:1044 - genDependencies : Invalid condition id : LAN8742 Phy interface Condition cause : null
2025-11-02 22:36:49,652 [WARN] ConditionMgr:1044 - genDependencies : Invalid condition id : LAN8742 Phy interface Condition cause : null
2025-11-02 22:36:49,666 [WARN] PackLoader:240 - Cannot read IP mode file for STMicroelectronics.X-CUBE-SFXS2LP1.4.0.0
2025-11-02 22:36:49,698 [WARN] PackLoader:240 - Cannot read IP mode file for STMicroelectronics.X-CUBE-AZRTOS-H7.3.3.0
2025-11-02 22:36:49,724 [WARN] PackLoader:240 - Cannot read IP mode file for STMicroelectronics.X-CUBE-BLEMGR.4.1.0
2025-11-02 22:36:49,743 [WARN] ConditionMgr:438 - getConditionDescription Invalid condition id : UX DEVICE CLASS RTOS Condition cause : null
2025-11-02 22:36:49,743 [WARN] ConditionMgr:438 - getConditionDescription Invalid condition id : UX DEVICE CLASS RTOS Condition cause : null
2025-11-02 22:36:49,747 [WARN] PackLoader:240 - Cannot read IP mode file for STMicroelectronics.X-CUBE-AZRTOS-WB.2.0.0
2025-11-02 22:36:49,748 [WARN] ConditionMgr:1044 - genDependencies : Invalid condition id : UX DEVICE CLASS RTOS Condition cause : null
2025-11-02 22:36:49,748 [WARN] ConditionMgr:1044 - genDependencies : Invalid condition id : UX DEVICE CLASS RTOS Condition cause : null
2025-11-02 22:36:49,749 [WARN] ConditionMgr:1044 - genDependencies : Invalid condition id : UX DEVICE CLASS RTOS Condition cause : null
2025-11-02 22:36:49,749 [WARN] ConditionMgr:1044 - genDependencies : Invalid condition id : UX DEVICE CLASS RTOS Condition cause : null
2025-11-02 22:36:49,750 [WARN] ConditionMgr:1044 - genDependencies : Invalid condition id : UX DEVICE CLASS RTOS Condition cause : null
2025-11-02 22:36:49,756 [WARN] PackLoader:240 - Cannot read IP mode file for STMicroelectronics.X-CUBE-GNSS1.7.0.1
2025-11-02 22:36:49,759 [WARN] PackLoader:240 - Cannot read IP mode file for STMicroelectronics.X-CUBE-TOUCHGFX.4.25.0
2025-11-02 22:36:49,766 [WARN] PackLoader:240 - Cannot read IP mode file for STMicroelectronics.FP-SNS-STBOX1.2.0.0
2025-11-02 22:36:49,780 [WARN] PackLoader:240 - Cannot read IP mode file for STMicroelectronics.X-CUBE-SUBG2.5.0.0
2025-11-02 22:36:49,808 [WARN] PackLoader:240 - Cannot read IP mode file for STMicroelectronics.X-CUBE-AZRTOS-H7RS.1.1.0
2025-11-02 22:36:49,817 [WARN] PackLoader:240 - Cannot read IP mode file for Cesanta.I-CUBE-Mongoose.7.13.0
2025-11-02 22:36:49,834 [WARN] PackLoader:240 - Cannot read IP mode file for STMicroelectronics.X-CUBE-AZRTOS-G4.2.0.0
2025-11-02 22:36:49,839 [WARN] PackLoader:240 - Cannot read IP mode file for wolfSSL.I-CUBE-wolfSSH.1.4.20
2025-11-02 22:36:49,843 [WARN] PackLoader:240 - Cannot read IP mode file for STMicroelectronics.X-CUBE-NFC7.2.0.0
2025-11-02 22:36:49,858 [WARN] PackLoader:240 - Cannot read IP mode file for STMicroelectronics.X-CUBE-IPS.3.1.0
2025-11-02 22:36:49,868 [WARN] PackLoader:240 - Cannot read IP mode file for STMicroelectronics.X-CUBE-ALS.1.0.2
2025-11-02 22:36:50,146 [WARN] PackLoader:240 - Cannot read IP mode file for STMicroelectronics.X-CUBE-STSE01.1.0.0
2025-11-02 22:36:50,197 [WARN] PackLoader:240 - Cannot read IP mode file for portGmbH.I-Cube-SoM-uGOAL.1.1.0
2025-11-02 22:36:50,217 [WARN] PackLoader:240 - Cannot read IP mode file for STMicroelectronics.X-CUBE-TOF1.3.4.3
2025-11-02 22:36:50,250 [INFO] ThirdParty:978 - Integrity check success = true
2025-11-02 22:36:50,250 [INFO] IntegrityCheckThread:100 - exiting critical section [integrity check]
2025-11-02 22:36:50,251 [INFO] IntegrityCheckThread:103 - End integrity checks thread
2025-11-02 22:36:51,170 [INFO] WebApp:169 - Instantiating new browser for Auth
2025-11-02 22:36:52,593 [INFO] WebApp:463 - Apply proxy settings
2025-11-02 22:36:52,611 [INFO] WebApp:508 - Chromium authenticates against Manually configured proxy
2025-11-02 22:36:52,628 [INFO] WebApp:516 - Username used for proxy authentication: 
2025-11-02 22:36:52,672 [INFO] WebApp:900 - Register for checkConnection events
2025-11-02 22:36:52,673 [INFO] WebApp:463 - Apply proxy settings
2025-11-02 22:36:52,678 [INFO] WebApp:508 - Chromium authenticates against Manually configured proxy
2025-11-02 22:36:52,679 [INFO] WebApp:516 - Username used for proxy authentication: 
2025-11-02 22:36:52,885 [INFO] WebApp:225 - Starting web application
2025-11-02 22:36:52,886 [INFO] WebApp:593 - Web application path used /Applications/STM32CubeIDE.app/Contents/Eclipse/plugins/com.st.stm32cube.common.mx_6.15.0.202507011659/db/plugins/mcufinder/reactClient1/index.html
2025-11-02 22:36:53,282 [INFO] WebApp:191 - Connection restablished
2025-11-02 22:36:53,893 [INFO] UserAuth:487 - Internet connection configuration mode: 1
